date,property_type,asking_price,transaction_price,Rents - Industrial and commercial space ,Rents - Office space ,Rents - Rental housing units ,Rents - Retail space ,Acquisition of Swiss citizenship,Deaths,Emigration,Immigration,Live births,Natural Change,Net migration,Statistical adjustments,Switzerland - CHF - SARON - 1 day,Switzerland - CHF - Call money rate (Tomorrow next) - 1 day,Switzerland - CHF - Money market debt register claims of the Swiss Confederation - 3-month,Switzerland - CHF - CHF LIBOR - 3-month,United States - USD - SOFR - 1-day,United States - USD - USD LIBOR - 3-month,Japan - JPY - TONA - 1-day,Japan - JPY - JPY LIBOR - 3-month,United Kingdom - GBP - SONIA - 1-day,United Kingdom - GBP - GBP LIBOR - 3-month,Euro area - EUR - ESTR - 1-day,Euro area - EUR - EURIBOR - 3-month,Euro area - EUR - EUR LIBOR - 3-month,Origination - Relevant foreign currency positions,Origination - Securities portfolio,Origination - Money market transactions,Origination - Other,Origination - Monetary base,Utilisation - Banknotes in circulation,Utilisation - Sight deposit accounts of domestic banks,Utilisation - Monetary base,Seasonally adjusted - Monetary base,Seasonally adjusted - Seasonal factor,Change from the corresponding month of the previous year - Currency in circulation,Change from the corresponding month of the previous year - Deposits in transaction accounts,Change from the corresponding month of the previous year - Monetary aggregate M1,Change from the corresponding month of the previous year - Monetary aggregate M2,Change from the corresponding month of the previous year - Monetary aggregate M3,Change from the corresponding month of the previous year - Savings deposits,Change from the corresponding month of the previous year - Sight deposits,Change from the corresponding month of the previous year - Time deposits,Level - Currency in circulation,Level - Deposits in transaction accounts,Level - Monetary aggregate M1,Level - Monetary aggregate M2,Level - Monetary aggregate M3,Level - Savings deposits,Level - Sight deposits,Level - Time deposits,Banks in Switzerland - Total domestic and foreign - Total loans - Utilisation,Banks in Switzerland - Total domestic and foreign - Total loans - Credit lines,Banks in Switzerland - Total domestic and foreign - Mortgage loans - Utilisation,Banks in Switzerland - Total domestic and foreign - Other loans - Total - Utilisation,Banks in Switzerland - Total domestic and foreign - Other loans - secured - Utilisation,Banks in Switzerland - Total domestic and foreign - Other loans - unsecured - Utilisation,Banks in Switzerland - Domestic - Total loans - Utilisation,Banks in Switzerland - Domestic - Total loans - Credit lines,Banks in Switzerland - Domestic - Mortgage loans - Utilisation,Banks in Switzerland - Domestic - Other loans - Total - Utilisation,Banks in Switzerland - Domestic - Other loans - secured - Utilisation,Banks in Switzerland - Domestic - Other loans - unsecured - Utilisation,Banks in Switzerland - Foreign - Total loans - Utilisation,Banks in Switzerland - Foreign - Total loans - Credit lines,Banks in Switzerland - Foreign - Mortgage loans - Utilisation,Banks in Switzerland - Foreign - Other loans - Total - Utilisation,Banks in Switzerland - Foreign - Other loans - secured - Utilisation,Banks in Switzerland - Foreign - Other loans - unsecured - Utilisation,"Value, in CHF millions - Gross domestic product",population,SFSO - Inflation according to the national consumer price index
1985-01-01,Privately owned apartments,83.91257986236178,86.54476054772083,79.01786916192763,83.20665218222406,84.1045599283804,105.38863888724008,14393.0,59583.0,85029.0,98866.0,74684.0,15101.0,13837.0,,,0.72396,,,,,,,,,,,,48431.16667,1831.75,1043.33333,19590.16667,31716.08333,23625.91667,8090.16667,31716.08333,31688.58333,1.00092,-1.97482,11.89605,4.78456,3.76734,5.89221,2.88879,4.02362,15.18899,22120.58333,28907.66667,92117.66667,202292.16667,258263.25,110174.5,41089.41667,55971.08333,326452.29433,436541.06157,184690.81353,142417.24809,,,275072.21877,358284.62363,183761.06253,91263.42524,,,52723.38943,79305.42455,927.22044,52499.74656,,,,6470365.0,3.43333
1985-01-01,Single-family houses,87.82903142722017,78.78349326270752,79.01786916192763,83.20665218222406,84.1045599283804,105.38863888724008,14393.0,59583.0,85029.0,98866.0,74684.0,15101.0,13837.0,,,0.72396,,,,,,,,,,,,48431.16667,1831.75,1043.33333,19590.16667,31716.08333,23625.91667,8090.16667,31716.08333,31688.58333,1.00092,-1.97482,11.89605,4.78456,3.76734,5.89221,2.88879,4.02362,15.18899,22120.58333,28907.66667,92117.66667,202292.16667,258263.25,110174.5,41089.41667,55971.08333,326452.29433,436541.06157,184690.81353,142417.24809,,,275072.21877,358284.62363,183761.06253,91263.42524,,,52723.38943,79305.42455,927.22044,52499.74656,,,,6470365.0,3.43333
1986-01-01,Privately owned apartments,88.45578138362613,89.83859236272689,78.99182117774996,95.45679553856252,86.14829104646995,107.49890792385462,14416.0,60105.0,84858.0,107222.0,76320.0,16215.0,22364.0,,,1.08333,,,,,,,,,,,,47527.5,1983.91667,961.5,18224.66667,32248.25,23951.41667,8296.83333,32248.25,32270.08333,0.99925,1.22039,10.71462,6.78282,6.49869,6.56908,6.26934,7.04556,6.89783,22393.5,32005.0,98359.0,215434.41667,275248.08333,117075.41667,43960.5,59813.66667,346022.90337,464871.66255,198934.41002,147704.5227,,,296800.75291,388304.47895,197990.15722,98752.80468,,,50123.56812,77178.97055,941.50346,49726.94652,,,,6504124.0,0.75
1986-01-01,Single-family houses,93.09401186699965,80.46745047106553,78.99182117774996,95.45679553856252,86.14829104646995,107.49890792385462,14416.0,60105.0,84858.0,107222.0,76320.0,16215.0,22364.0,,,1.08333,,,,,,,,,,,,47527.5,1983.91667,961.5,18224.66667,32248.25,23951.41667,8296.83333,32248.25,32270.08333,0.99925,1.22039,10.71462,6.78282,6.49869,6.56908,6.26934,7.04556,6.89783,22393.5,32005.0,98359.0,215434.41667,275248.08333,117075.41667,43960.5,59813.66667,346022.90337,464871.66255,198934.41002,147704.5227,,,296800.75291,388304.47895,197990.15722,98752.80468,,,50123.56812,77178.97055,941.50346,49726.94652,,,,6504124.0,0.75
1987-01-01,Privately owned apartments,96.10660342522728,92.9139252758251,93.11317619830993,98.9773342171259,91.855077123112,125.20274563576146,12370.0,59511.0,86329.0,112721.0,76505.0,16994.0,26392.0,,,1.64062,,,,7.22396,,,,9.61979,,,,45955.33333,2118.58333,958.66667,15600.5,33432.08333,24784.83333,8647.25,33432.08333,33403.0,1.00067,2.68659,14.16789,9.6657,8.46401,9.28115,7.44669,9.95239,12.31777,22991.16667,36555.08333,107906.25,233703.58333,300854.75,125797.33333,48360.0,67151.16667,375319.79601,513436.11961,220442.46006,155436.05964,,,326520.834,433262.62054,219410.19671,107046.35276,,,49318.68854,80521.09341,1029.0526,48742.37832,,,,6545106.0,1.45833
1987-01-01,Single-family houses,99.36901453189067,83.24760174684938,93.11317619830993,98.9773342171259,91.855077123112,125.20274563576146,12370.0,59511.0,86329.0,112721.0,76505.0,16994.0,26392.0,,,1.64062,,,,7.22396,,,,9.61979,,,,45955.33333,2118.58333,958.66667,15600.5,33432.08333,24784.83333,8647.25,33432.08333,33403.0,1.00067,2.68659,14.16789,9.6657,8.46401,9.28115,7.44669,9.95239,12.31777,22991.16667,36555.08333,107906.25,233703.58333,300854.75,125797.33333,48360.0,67151.16667,375319.79601,513436.11961,220442.46006,155436.05964,,,326520.834,433262.62054,219410.19671,107046.35276,,,49318.68854,80521.09341,1029.0526,48742.37832,,,,6545106.0,1.45833
1988-01-01,Privately owned apartments,106.53214174259338,100.46040642223606,99.29921804787267,108.20556852452428,102.30838358623846,133.70832533680843,11356.0,60648.0,91507.0,124984.0,80345.0,19697.0,33477.0,,,2.57292,,,,8.04427,,,,10.5625,,,,43325.33333,2317.66667,135.41667,14292.58333,31485.83333,25818.91667,5666.91667,31485.83333,31520.91667,0.999,4.9914,12.48543,13.74221,12.20849,9.64179,10.92412,18.94802,0.74763,24141.08333,41077.25,122557.66667,262078.25,329694.66667,139520.58333,57339.33333,67616.41667,417393.34659,577566.33419,247768.97916,170188.10179,,,363673.2825,489178.76666,246452.00542,117155.02868,,,54243.56883,88644.65228,1314.1126,53295.10441,,,,6593386.0,1.88333
1988-01-01,Single-family houses,114.24955392081826,87.39532608173495,99.29921804787267,108.20556852452428,102.30838358623846,133.70832533680843,11356.0,60648.0,91507.0,124984.0,80345.0,19697.0,33477.0,,,2.57292,,,,8.04427,,,,10.5625,,,,43325.33333,2317.66667,135.41667,14292.58333,31485.83333,25818.91667,5666.91667,31485.83333,31520.91667,0.999,4.9914,12.48543,13.74221,12.20849,9.64179,10.92412,18.94802,0.74763,24141.08333,41077.25,122557.66667,262078.25,329694.66667,139520.58333,57339.33333,67616.41667,417393.34659,577566.33419,247768.97916,170188.10179,,,363673.2825,489178.76666,246452.00542,117155.02868,,,54243.56883,88644.65228,1314.1126,53295.10441,,,,6593386.0,1.88333
1989-01-01,Privately owned apartments,117.15313963850049,108.07143549151704,104.78555641975701,117.45447262234782,116.30808853723289,141.6013466639265,10342.0,60882.0,96619.0,130198.0,81180.0,20298.0,33579.0,,,6.82812,,7.31771,,9.26042,,5.52604,,14.13672,,,9.70312,44510.08333,2503.0,781.66667,17869.66667,29925.08333,26437.83333,3487.25,29925.08333,29910.08333,1.0005,2.29459,-1.32587,-4.08149,-5.64877,5.91507,-7.01801,-8.66858,50.53977,24686.16667,40503.25,117535.0,247179.91667,349184.08333,129644.91667,52345.58333,102004.16667,476823.79185,652310.98007,282922.38214,194555.65786,,,416674.78922,557663.39592,281108.58894,135461.13108,,,60624.86148,94551.16487,1811.91701,59110.59352,,,,6646912.0,3.15
1989-01-01,Single-family houses,128.8240780651759,96.11880157258838,104.78555641975701,117.45447262234782,116.30808853723289,141.6013466639265,10342.0,60882.0,96619.0,130198.0,81180.0,20298.0,33579.0,,,6.82812,,7.31771,,9.26042,,5.52604,,14.13672,,,9.70312,44510.08333,2503.0,781.66667,17869.66667,29925.08333,26437.83333,3487.25,29925.08333,29910.08333,1.0005,2.29459,-1.32587,-4.08149,-5.64877,5.91507,-7.01801,-8.66858,50.53977,24686.16667,40503.25,117535.0,247179.91667,349184.08333,129644.91667,52345.58333,102004.16667,476823.79185,652310.98007,282922.38214,194555.65786,,,416674.78922,557663.39592,281108.58894,135461.13108,,,60624.86148,94551.16487,1811.91701,59110.59352,,,,6646912.0,3.15
1990-01-01,Privately owned apartments,122.83717157788755,111.50895247303212,117.0467784749264,134.68370116289924,137.73712860820606,163.074885855949,8658.0,63739.0,97601.0,154244.0,83939.0,20200.0,56643.0,,,8.23958,,8.91797,,8.25,,7.82812,,14.79688,,,10.42969,47016.41667,2709.58333,775.75,21603.41667,28898.33333,25880.25,3018.08333,28898.33333,28933.66667,0.99875,-1.93539,-6.6708,-5.07417,-7.91064,1.98608,-10.47346,-5.32174,27.33391,24211.33333,37795.5,111570.33333,227520.33333,356082.75,115950.0,49563.5,128562.41667,526293.82778,715294.88189,314683.63876,212266.2522,,,464409.21395,611904.76544,312773.79071,151522.91663,,,61961.10118,103255.11743,1907.43313,60320.06696,,,369392.22121,6715519.0,5.41667
1990-01-01,Single-family houses,128.46662031962106,101.97757411195596,117.0467784749264,134.68370116289924,137.73712860820606,163.074885855949,8658.0,63739.0,97601.0,154244.0,83939.0,20200.0,56643.0,,,8.23958,,8.91797,,8.25,,7.82812,,14.79688,,,10.42969,47016.41667,2709.58333,775.75,21603.41667,28898.33333,25880.25,3018.08333,28898.33333,28933.66667,0.99875,-1.93539,-6.6708,-5.07417,-7.91064,1.98608,-10.47346,-5.32174,27.33391,24211.33333,37795.5,111570.33333,227520.33333,356082.75,115950.0,49563.5,128562.41667,526293.82778,715294.88189,314683.63876,212266.2522,,,464409.21395,611904.76544,312773.79071,151522.91663,,,61961.10118,103255.11743,1907.43313,60320.06696,,,369392.22121,6715519.0,5.41667
1991-01-01,Privately owned apartments,121.84542909791378,113.04117009808247,127.25482508209835,136.1126778897326,155.3151217028947,142.79582820722746,8757.0,62634.0,103333.0,164773.0,86200.0,23566.0,61440.0,574.0,,7.70833,,8.21354,,5.88542,,7.27474,,11.53776,,,9.97721,45776.0,2829.08333,605.66667,19937.16667,29273.58333,26441.5,2832.08333,29273.58333,29247.16667,1.00092,2.67302,3.35864,1.96256,1.7104,2.66655,1.49037,0.60767,4.46378,24852.0,39057.16667,113744.0,231370.0,365565.33333,117626.0,49834.83333,134195.33333,561927.8289,759833.73611,334824.86181,227822.22419,,,493895.7975,643468.06924,332773.0306,161030.18735,,,68308.83727,116710.282,2049.17519,66547.13582,,,385747.93824,6799978.0,5.875
1991-01-01,Single-family houses,126.3454365806113,103.9867450382451,127.25482508209835,136.1126778897326,155.3151217028947,142.79582820722746,8757.0,62634.0,103333.0,164773.0,86200.0,23566.0,61440.0,574.0,,7.70833,,8.21354,,5.88542,,7.27474,,11.53776,,,9.97721,45776.0,2829.08333,605.66667,19937.16667,29273.58333,26441.5,2832.08333,29273.58333,29247.16667,1.00092,2.67302,3.35864,1.96256,1.7104,2.66655,1.49037,0.60767,4.46378,24852.0,39057.16667,113744.0,231370.0,365565.33333,117626.0,49834.83333,134195.33333,561927.8289,759833.73611,334824.86181,227822.22419,,,493895.7975,643468.06924,332773.0306,161030.18735,,,68308.83727,116710.282,2049.17519,66547.13582,,,385747.93824,6799978.0,5.875
1992-01-01,Privately owned apartments,116.64363968792016,113.57734244640547,121.06812457342629,123.56631100281234,157.06972104657518,141.85566305992398,11208.0,62302.0,117034.0,157190.0,86910.0,24608.0,40156.0,427.0,,7.69792,7.67525,7.85417,,3.83919,3.94,4.39062,,9.58854,,,10.7526,50008.58333,2914.75,689.75,24593.33333,29019.75,26466.75,2553.0,29019.75,29056.08333,0.99875,0.34154,5.99485,1.98574,2.79062,2.09714,3.57748,-0.31474,0.86831,24938.75,41385.25,116011.25,237860.5,373230.16667,121849.25,49687.25,135369.66667,582180.04327,769731.84215,350638.96122,232197.05096,,,512352.53464,648738.42756,348420.64697,163860.00622,,,70048.903,121574.57825,2216.04385,68102.90366,,,393408.66854,6875364.0,4.05833
1992-01-01,Single-family houses,120.78477163249595,102.93881601734874,121.06812457342629,123.56631100281234,157.06972104657518,141.85566305992398,11208.0,62302.0,117034.0,157190.0,86910.0,24608.0,40156.0,427.0,,7.69792,7.67525,7.85417,,3.83919,3.94,4.39062,,9.58854,,,10.7526,50008.58333,2914.75,689.75,24593.33333,29019.75,26466.75,2553.0,29019.75,29056.08333,0.99875,0.34154,5.99485,1.98574,2.79062,2.09714,3.57748,-0.31474,0.86831,24938.75,41385.25,116011.25,237860.5,373230.16667,121849.25,49687.25,135369.66667,582180.04327,769731.84215,350638.96122,232197.05096,,,512352.53464,648738.42756,348420.64697,163860.00622,,,70048.903,121574.57825,2216.04385,68102.90366,,,393408.66854,6875364.0,4.05833
1993-01-01,Privately owned apartments,111.8897697069962,112.63156784773481,115.32444389436552,114.96135023275889,142.9875679064724,122.41734172327784,12928.0,62512.0,105025.0,144537.0,83762.0,21250.0,39512.0,-151.0,,4.97917,4.821,4.90625,,3.31966,3.06783,2.94792,,5.94922,,,8.00065,56613.41667,2986.5,1176.5,31251.33333,29525.08333,26871.41667,2653.66667,29525.08333,29498.33333,1.00092,1.65185,12.62937,10.53134,16.12641,3.9341,21.45741,13.27485,-17.40613,25348.0,46615.58333,128211.75,276199.41667,387923.25,147987.66667,56248.16667,111723.83333,595409.07569,783628.88445,362704.87351,233295.31384,,,520361.60447,653655.10365,360368.74726,159941.0184,,,75636.21478,131072.63141,2333.70989,73520.91861,,,401920.59908,6938265.0,3.29167
1993-01-01,Single-family houses,114.53812637446335,101.4642865087006,115.32444389436552,114.96135023275889,142.9875679064724,122.41734172327784,12928.0,62512.0,105025.0,144537.0,83762.0,21250.0,39512.0,-151.0,,4.97917,4.821,4.90625,,3.31966,3.06783,2.94792,,5.94922,,,8.00065,56613.41667,2986.5,1176.5,31251.33333,29525.08333,26871.41667,2653.66667,29525.08333,29498.33333,1.00092,1.65185,12.62937,10.53134,16.12641,3.9341,21.45741,13.27485,-17.40613,25348.0,46615.58333,128211.75,276199.41667,387923.25,147987.66667,56248.16667,111723.83333,595409.07569,783628.88445,362704.87351,233295.31384,,,520361.60447,653655.10365,360368.74726,159941.0184,,,75636.21478,131072.63141,2333.70989,73520.91861,,,401920.59908,6938265.0,3.29167
1994-01-01,Privately owned apartments,111.52506561540223,111.75270355610023,113.6698565936612,107.47909021095066,130.41559776445158,113.6425551742079,13757.0,61987.0,99305.0,130188.0,82980.0,20993.0,30883.0,-1427.0,,3.90625,3.97717,4.1888,,4.86979,2.40883,2.31901,,5.6543,,,6.11263,57883.25,3062.83333,1481.25,32376.83333,30050.5,27369.33333,2681.16667,30050.5,30069.91667,0.99942,1.73665,5.17287,5.68896,10.36077,5.11205,14.4346,7.9443,-7.28916,25789.16667,48983.33333,135419.0,304416.75,407706.08333,168997.75,60646.5,103289.33333,608783.42321,816633.09214,376615.64498,232650.55256,,,531117.00868,678319.13786,374082.17319,157000.09286,,,78361.37129,139672.89242,2531.92115,75989.66965,,,412011.52121,6993795.0,0.85
1994-01-01,Single-family houses,114.44994831681802,101.10786924224676,113.6698565936612,107.47909021095066,130.41559776445158,113.6425551742079,13757.0,61987.0,99305.0,130188.0,82980.0,20993.0,30883.0,-1427.0,,3.90625,3.97717,4.1888,,4.86979,2.40883,2.31901,,5.6543,,,6.11263,57883.25,3062.83333,1481.25,32376.83333,30050.5,27369.33333,2681.16667,30050.5,30069.91667,0.99942,1.73665,5.17287,5.68896,10.36077,5.11205,14.4346,7.9443,-7.28916,25789.16667,48983.33333,135419.0,304416.75,407706.08333,168997.75,60646.5,103289.33333,608783.42321,816633.09214,376615.64498,232650.55256,,,531117.00868,678319.13786,374082.17319,157000.09286,,,78361.37129,139672.89242,2531.92115,75989.66965,,,412011.52121,6993795.0,0.85
1995-01-01,Privately owned apartments,108.31094935539774,109.565881771874,116.27119164373075,103.7570537045917,122.9187730030811,115.81345629397133,16795.0,63387.0,99509.0,113967.0,82203.0,18816.0,14458.0,10061.0,,2.75521,2.76767,2.94792,,6.02246,1.146,1.15104,,6.79688,,,6.00586,54312.5,3064.5,1712.75,28943.16667,30146.58333,27572.58333,2574.0,30146.58333,30128.83333,1.00058,0.90761,10.5046,6.80356,4.9051,2.20333,3.3901,6.34358,-5.82017,26021.16667,54141.0,144650.91667,319383.0,416682.66667,174732.08333,64488.75,97299.66667,614465.47164,813907.06928,392614.38715,222036.65261,,,544035.26424,685540.67625,390284.48171,153765.18261,,,70337.43211,129012.9359,2326.35576,68099.3888,,,417529.12955,7040687.0,1.8
1995-01-01,Single-family houses,109.99214710805201,101.15597700428795,116.27119164373075,103.7570537045917,122.9187730030811,115.81345629397133,16795.0,63387.0,99509.0,113967.0,82203.0,18816.0,14458.0,10061.0,,2.75521,2.76767,2.94792,,6.02246,1.146,1.15104,,6.79688,,,6.00586,54312.5,3064.5,1712.75,28943.16667,30146.58333,27572.58333,2574.0,30146.58333,30128.83333,1.00058,0.90761,10.5046,6.80356,4.9051,2.20333,3.3901,6.34358,-5.82017,26021.16667,54141.0,144650.91667,319383.0,416682.66667,174732.08333,64488.75,97299.66667,614465.47164,813907.06928,392614.38715,222036.65261,,,544035.26424,685540.67625,390284.48171,153765.18261,,,70337.43211,129012.9359,2326.35576,68099.3888,,,417529.12955,7040687.0,1.8
1996-01-01,Apartment buildings,,81.26648082573647,101.72086481412414,101.64099504734885,112.67227188568813,109.88456656347894,19375.0,62637.0,103398.0,97591.0,83007.0,20370.0,-5807.0,4429.0,,1.6875,1.71967,2.01953,,5.51204,0.48333,0.58008,,6.12891,,,4.39323,52218.0,3028.75,1730.08333,25819.91667,31156.91667,28221.16667,2935.75,31156.91667,31185.33333,0.99908,2.60746,11.4423,11.74725,12.02714,6.91079,12.25715,15.74374,-8.98295,26703.58333,60286.66667,161556.75,357517.16667,445483.83333,195960.41667,74566.5,87966.66667,626203.4869,809024.63897,408669.7682,217542.56622,,,561441.61019,697174.1991,405427.42058,155979.69409,,,63967.9942,111318.13531,3242.73262,60725.9893,,,420537.7386,7071850.0,0.80833
1996-01-01,Privately owned apartments,104.50111465597618,107.47249416339429,101.72086481412414,101.64099504734885,112.67227188568813,109.88456656347894,19375.0,62637.0,103398.0,97591.0,83007.0,20370.0,-5807.0,4429.0,,1.6875,1.71967,2.01953,,5.51204,0.48333,0.58008,,6.12891,,,4.39323,52218.0,3028.75,1730.08333,25819.91667,31156.91667,28221.16667,2935.75,31156.91667,31185.33333,0.99908,2.60746,11.4423,11.74725,12.02714,6.91079,12.25715,15.74374,-8.98295,26703.58333,60286.66667,161556.75,357517.16667,445483.83333,195960.41667,74566.5,87966.66667,626203.4869,809024.63897,408669.7682,217542.56622,,,561441.61019,697174.1991,405427.42058,155979.69409,,,63967.9942,111318.13531,3242.73262,60725.9893,,,420537.7386,7071850.0,0.80833
1996-01-01,Single-family houses,103.69988192305144,98.15503410347351,101.72086481412414,101.64099504734885,112.67227188568813,109.88456656347894,19375.0,62637.0,103398.0,97591.0,83007.0,20370.0,-5807.0,4429.0,,1.6875,1.71967,2.01953,,5.51204,0.48333,0.58008,,6.12891,,,4.39323,52218.0,3028.75,1730.08333,25819.91667,31156.91667,28221.16667,2935.75,31156.91667,31185.33333,0.99908,2.60746,11.4423,11.74725,12.02714,6.91079,12.25715,15.74374,-8.98295,26703.58333,60286.66667,161556.75,357517.16667,445483.83333,195960.41667,74566.5,87966.66667,626203.4869,809024.63897,408669.7682,217542.56622,,,561441.61019,697174.1991,405427.42058,155979.69409,,,63967.9942,111318.13531,3242.73262,60725.9893,,,420537.7386,7071850.0,0.80833
1997-01-01,Apartment buildings,,77.0568070519099,98.4086590387402,98.74199366732793,106.38426078698546,103.28566743234265,19169.0,62839.0,98521.0,91687.0,80584.0,17745.0,-6834.0,4208.0,,1.24479,1.4495,1.63802,,5.74544,0.51833,0.58952,6.68355,6.96908,,,4.31218,62157.75,4876.58333,1552.08333,35869.83333,32716.58333,29003.5,3713.08333,32716.58333,32690.91667,1.00083,3.2904,7.12562,10.09196,6.55176,5.11206,3.64361,14.96652,-0.49487,27568.58333,64579.0,177793.91667,380884.91667,468179.0,203091.0,85646.33333,87294.08333,640961.21181,817430.16483,421671.72272,219283.52682,,,567848.28938,694157.6483,417990.03298,149856.91067,,,73029.51951,123277.97714,3682.80655,69338.90289,,,427876.24593,7088906.0,0.51667
1997-01-01,Privately owned apartments,99.75544249788493,104.10153582209348,98.4086590387402,98.74199366732793,106.38426078698546,103.28566743234265,19169.0,62839.0,98521.0,91687.0,80584.0,17745.0,-6834.0,4208.0,,1.24479,1.4495,1.63802,,5.74544,0.51833,0.58952,6.68355,6.96908,,,4.31218,62157.75,4876.58333,1552.08333,35869.83333,32716.58333,29003.5,3713.08333,32716.58333,32690.91667,1.00083,3.2904,7.12562,10.09196,6.55176,5.11206,3.64361,14.96652,-0.49487,27568.58333,64579.0,177793.91667,380884.91667,468179.0,203091.0,85646.33333,87294.08333,640961.21181,817430.16483,421671.72272,219283.52682,,,567848.28938,694157.6483,417990.03298,149856.91067,,,73029.51951,123277.97714,3682.80655,69338.90289,,,427876.24593,7088906.0,0.51667
1997-01-01,Single-family houses,100.09309133984463,96.4392221810147,98.4086590387402,98.74199366732793,106.38426078698546,103.28566743234265,19169.0,62839.0,98521.0,91687.0,80584.0,17745.0,-6834.0,4208.0,,1.24479,1.4495,1.63802,,5.74544,0.51833,0.58952,6.68355,6.96908,,,4.31218,62157.75,4876.58333,1552.08333,35869.83333,32716.58333,29003.5,3713.08333,32716.58333,32690.91667,1.00083,3.2904,7.12562,10.09196,6.55176,5.11206,3.64361,14.96652,-0.49487,27568.58333,64579.0,177793.91667,380884.91667,468179.0,203091.0,85646.33333,87294.08333,640961.21181,817430.16483,421671.72272,219283.52682,,,567848.28938,694157.6483,417990.03298,149856.91067,,,73029.51951,123277.97714,3682.80655,69338.90289,,,427876.24593,7088906.0,0.51667
1998-01-01,Apartment buildings,,75.76847736005425,97.25347125605953,96.65350093877673,102.03955865711056,96.70942258865624,21279.0,62569.0,94778.0,95955.0,78949.0,16380.0,1177.0,9515.0,,1.21875,1.31792,1.54919,,5.52779,0.4375,0.60525,7.22274,7.38939,,3.245,4.10004,64298.25,4960.66667,7326.5,42957.66667,33627.75,29564.75,4063.0,33627.75,33665.33333,0.99892,1.42198,6.51928,8.00226,3.33428,1.17791,-0.75177,11.32819,-7.99442,27961.91667,68751.75,191976.0,393540.08333,473688.33333,201564.08333,95262.33333,80148.25,649463.08333,826342.58333,433002.66667,216460.25,,,570886.5,702202.0,427531.83333,143354.83333,,,78576.5,124140.66667,5471.0,73105.58333,,,439633.46241,7110001.0,0.01667
1998-01-01,Privately owned apartments,98.40839340524208,102.15156646294152,97.25347125605953,96.65350093877673,102.03955865711056,96.70942258865624,21279.0,62569.0,94778.0,95955.0,78949.0,16380.0,1177.0,9515.0,,1.21875,1.31792,1.54919,,5.52779,0.4375,0.60525,7.22274,7.38939,,3.245,4.10004,64298.25,4960.66667,7326.5,42957.66667,33627.75,29564.75,4063.0,33627.75,33665.33333,0.99892,1.42198,6.51928,8.00226,3.33428,1.17791,-0.75177,11.32819,-7.99442,27961.91667,68751.75,191976.0,393540.08333,473688.33333,201564.08333,95262.33333,80148.25,649463.08333,826342.58333,433002.66667,216460.25,,,570886.5,702202.0,427531.83333,143354.83333,,,78576.5,124140.66667,5471.0,73105.58333,,,439633.46241,7110001.0,0.01667
1998-01-01,Single-family houses,99.22895887987863,96.08532281874572,97.25347125605953,96.65350093877673,102.03955865711056,96.70942258865624,21279.0,62569.0,94778.0,95955.0,78949.0,16380.0,1177.0,9515.0,,1.21875,1.31792,1.54919,,5.52779,0.4375,0.60525,7.22274,7.38939,,3.245,4.10004,64298.25,4960.66667,7326.5,42957.66667,33627.75,29564.75,4063.0,33627.75,33665.33333,0.99892,1.42198,6.51928,8.00226,3.33428,1.17791,-0.75177,11.32819,-7.99442,27961.91667,68751.75,191976.0,393540.08333,473688.33333,201564.08333,95262.33333,80148.25,649463.08333,826342.58333,433002.66667,216460.25,,,570886.5,702202.0,427531.83333,143354.83333,,,78576.5,124140.66667,5471.0,73105.58333,,,439633.46241,7110001.0,0.01667
1999-01-01,Apartment buildings,,77.66330143901153,99.00509355975244,96.96563276267345,99.73256511414866,94.01391933851436,20363.0,62503.0,91804.0,107953.0,78408.0,15905.0,16149.0,8853.0,1.25086,0.94531,1.1735,1.40903,,5.47215,0.05667,0.21024,5.49213,5.55151,,2.977,2.97721,66065.33333,4918.5,16874.25,53358.41667,34499.66667,30810.16667,3689.5,34499.66667,34456.58333,1.001,3.39807,7.05907,8.60252,3.25604,1.29166,-1.83045,11.2765,-8.02836,28915.16667,73595.08333,208426.91667,406280.83333,479797.25,197853.91667,105916.66667,73516.41667,679329.83333,838245.66667,448365.0,230964.41667,,,589372.58333,702807.83333,437531.66667,151841.0,,,89957.33333,135437.75,10833.66667,79123.75,,,447010.87261,7143991.0,0.80833
1999-01-01,Privately owned apartments,98.5334622454248,99.71342424208608,99.00509355975244,96.96563276267345,99.73256511414866,94.01391933851436,20363.0,62503.0,91804.0,107953.0,78408.0,15905.0,16149.0,8853.0,1.25086,0.94531,1.1735,1.40903,,5.47215,0.05667,0.21024,5.49213,5.55151,,2.977,2.97721,66065.33333,4918.5,16874.25,53358.41667,34499.66667,30810.16667,3689.5,34499.66667,34456.58333,1.001,3.39807,7.05907,8.60252,3.25604,1.29166,-1.83045,11.2765,-8.02836,28915.16667,73595.08333,208426.91667,406280.83333,479797.25,197853.91667,105916.66667,73516.41667,679329.83333,838245.66667,448365.0,230964.41667,,,589372.58333,702807.83333,437531.66667,151841.0,,,89957.33333,135437.75,10833.66667,79123.75,,,447010.87261,7143991.0,0.80833
1999-01-01,Single-family houses,99.08164045177773,97.16649271281163,99.00509355975244,96.96563276267345,99.73256511414866,94.01391933851436,20363.0,62503.0,91804.0,107953.0,78408.0,15905.0,16149.0,8853.0,1.25086,0.94531,1.1735,1.40903,,5.47215,0.05667,0.21024,5.49213,5.55151,,2.977,2.97721,66065.33333,4918.5,16874.25,53358.41667,34499.66667,30810.16667,3689.5,34499.66667,34456.58333,1.001,3.39807,7.05907,8.60252,3.25604,1.29166,-1.83045,11.2765,-8.02836,28915.16667,73595.08333,208426.91667,406280.83333,479797.25,197853.91667,105916.66667,73516.41667,679329.83333,838245.66667,448365.0,230964.41667,,,589372.58333,702807.83333,437531.66667,151841.0,,,89957.33333,135437.75,10833.66667,79123.75,,,447010.87261,7143991.0,0.80833
2000-01-01,Apartment buildings,,76.23568896032172,100.0,100.0,100.0,100.0,28700.0,62528.0,90078.0,110302.0,78458.0,15930.0,20224.0,3457.0,2.74534,2.79021,2.92908,3.17333,,6.55813,0.12083,0.29942,5.81555,6.19414,,4.4685,4.46703,80716.0,4970.25,19312.83333,70202.41667,34796.66667,31550.25,3246.41667,34796.66667,34800.0,0.9999,2.38063,0.46978,-1.8273,-4.99949,-1.50282,-8.33208,-4.54065,18.14877,29599.08333,73901.0,204529.5,385947.91667,472590.0,181418.41667,101029.41667,86642.08333,703835.25,868056.41667,451080.08333,252755.25,,,599671.58333,705970.08333,441501.5,158170.08333,,,104163.83333,162086.33333,9578.58333,94585.16667,,,471707.25335,7184250.0,1.55
2000-01-01,Privately owned apartments,100.0,100.0,100.0,100.0,100.0,100.0,28700.0,62528.0,90078.0,110302.0,78458.0,15930.0,20224.0,3457.0,2.74534,2.79021,2.92908,3.17333,,6.55813,0.12083,0.29942,5.81555,6.19414,,4.4685,4.46703,80716.0,4970.25,19312.83333,70202.41667,34796.66667,31550.25,3246.41667,34796.66667,34800.0,0.9999,2.38063,0.46978,-1.8273,-4.99949,-1.50282,-8.33208,-4.54065,18.14877,29599.08333,73901.0,204529.5,385947.91667,472590.0,181418.41667,101029.41667,86642.08333,703835.25,868056.41667,451080.08333,252755.25,,,599671.58333,705970.08333,441501.5,158170.08333,,,104163.83333,162086.33333,9578.58333,94585.16667,,,471707.25335,7184250.0,1.55
2000-01-01,Single-family houses,100.0,100.0,100.0,100.0,100.0,100.0,28700.0,62528.0,90078.0,110302.0,78458.0,15930.0,20224.0,3457.0,2.74534,2.79021,2.92908,3.17333,,6.55813,0.12083,0.29942,5.81555,6.19414,,4.4685,4.46703,80716.0,4970.25,19312.83333,70202.41667,34796.66667,31550.25,3246.41667,34796.66667,34800.0,0.9999,2.38063,0.46978,-1.8273,-4.99949,-1.50282,-8.33208,-4.54065,18.14877,29599.08333,73901.0,204529.5,385947.91667,472590.0,181418.41667,101029.41667,86642.08333,703835.25,868056.41667,451080.08333,252755.25,,,599671.58333,705970.08333,441501.5,158170.08333,,,104163.83333,162086.33333,9578.58333,94585.16667,,,471707.25335,7184250.0,1.55
2001-01-01,Apartment buildings,,76.77704585992541,98.10294653363407,104.80127850628548,101.83568360450961,99.33741061474657,27583.0,61228.0,82234.0,124077.0,72295.0,11067.0,41843.0,5105.0,2.78423,2.85083,2.67625,2.86264,,3.61255,0.06508,0.1351,5.19791,4.99202,,4.19825,4.19829,87556.25,5747.0,17487.16667,74491.5,36298.91667,33047.08333,3251.83333,36298.91667,36303.5,0.99992,5.09013,1.6534,1.01731,-2.08788,3.18707,-5.58421,-0.62392,27.47797,31119.0,75067.33333,206528.41667,377626.5,487605.66667,171098.08333,100342.08333,109979.16667,715805.83333,899978.33333,453290.83333,262515.0,,,610940.25,721631.08333,450007.5,160932.33333,,,104865.83333,178347.16667,3283.08333,101582.5,,,483978.42518,7229854.0,1.00833
2001-01-01,Privately owned apartments,104.29728972343595,101.5038543253528,98.10294653363407,104.80127850628548,101.83568360450961,99.33741061474657,27583.0,61228.0,82234.0,124077.0,72295.0,11067.0,41843.0,5105.0,2.78423,2.85083,2.67625,2.86264,,3.61255,0.06508,0.1351,5.19791,4.99202,,4.19825,4.19829,87556.25,5747.0,17487.16667,74491.5,36298.91667,33047.08333,3251.83333,36298.91667,36303.5,0.99992,5.09013,1.6534,1.01731,-2.08788,3.18707,-5.58421,-0.62392,27.47797,31119.0,75067.33333,206528.41667,377626.5,487605.66667,171098.08333,100342.08333,109979.16667,715805.83333,899978.33333,453290.83333,262515.0,,,610940.25,721631.08333,450007.5,160932.33333,,,104865.83333,178347.16667,3283.08333,101582.5,,,483978.42518,7229854.0,1.00833
2001-01-01,Single-family houses,101.92728465391963,102.556347698754,98.10294653363407,104.80127850628548,101.83568360450961,99.33741061474657,27583.0,61228.0,82234.0,124077.0,72295.0,11067.0,41843.0,5105.0,2.78423,2.85083,2.67625,2.86264,,3.61255,0.06508,0.1351,5.19791,4.99202,,4.19825,4.19829,87556.25,5747.0,17487.16667,74491.5,36298.91667,33047.08333,3251.83333,36298.91667,36303.5,0.99992,5.09013,1.6534,1.01731,-2.08788,3.18707,-5.58421,-0.62392,27.47797,31119.0,75067.33333,206528.41667,377626.5,487605.66667,171098.08333,100342.08333,109979.16667,715805.83333,899978.33333,453290.83333,262515.0,,,610940.25,721631.08333,450007.5,160932.33333,,,104865.83333,178347.16667,3283.08333,101582.5,,,483978.42518,7229854.0,1.00833
2002-01-01,Apartment buildings,,75.77592317992718,99.7068695255227,106.64583984395549,105.40160017935169,103.66350187888902,36515.0,61768.0,78419.0,127340.0,72372.0,10604.0,48921.0,-1325.0,0.87583,0.9525,0.93542,1.12847,,1.78312,0.008,0.07698,4.07627,4.06199,,3.30825,3.30648,86458.91667,6395.66667,21581.58333,76052.5,38383.66667,35125.5,3258.16667,38383.66667,38384.16667,1.00004,5.52498,7.85699,8.65063,8.59848,4.23418,8.55375,10.27596,-10.57712,32790.16667,80951.58333,224406.58333,410099.25,508241.58333,185692.66667,110664.83333,98142.33333,713615.58333,878852.66667,470501.66667,243114.08333,,,615767.83333,712718.91667,466490.33333,149277.58333,,,97847.75,166133.91667,4011.16667,93836.41667,,,482509.49014,7284753.0,0.63333
2002-01-01,Privately owned apartments,112.4007867833266,102.72078624067764,99.7068695255227,106.64583984395549,105.40160017935169,103.66350187888902,36515.0,61768.0,78419.0,127340.0,72372.0,10604.0,48921.0,-1325.0,0.87583,0.9525,0.93542,1.12847,,1.78312,0.008,0.07698,4.07627,4.06199,,3.30825,3.30648,86458.91667,6395.66667,21581.58333,76052.5,38383.66667,35125.5,3258.16667,38383.66667,38384.16667,1.00004,5.52498,7.85699,8.65063,8.59848,4.23418,8.55375,10.27596,-10.57712,32790.16667,80951.58333,224406.58333,410099.25,508241.58333,185692.66667,110664.83333,98142.33333,713615.58333,878852.66667,470501.66667,243114.08333,,,615767.83333,712718.91667,466490.33333,149277.58333,,,97847.75,166133.91667,4011.16667,93836.41667,,,482509.49014,7284753.0,0.63333
2002-01-01,Single-family houses,106.64691797315835,101.46541843587896,99.7068695255227,106.64583984395549,105.40160017935169,103.66350187888902,36515.0,61768.0,78419.0,127340.0,72372.0,10604.0,48921.0,-1325.0,0.87583,0.9525,0.93542,1.12847,,1.78312,0.008,0.07698,4.07627,4.06199,,3.30825,3.30648,86458.91667,6395.66667,21581.58333,76052.5,38383.66667,35125.5,3258.16667,38383.66667,38384.16667,1.00004,5.52498,7.85699,8.65063,8.59848,4.23418,8.55375,10.27596,-10.57712,32790.16667,80951.58333,224406.58333,410099.25,508241.58333,185692.66667,110664.83333,98142.33333,713615.58333,878852.66667,470501.66667,243114.08333,,,615767.83333,712718.91667,466490.33333,149277.58333,,,97847.75,166133.91667,4011.16667,93836.41667,,,482509.49014,7284753.0,0.63333
2003-01-01,Apartment buildings,,77.17177591568746,103.539456977442,106.0919773431491,108.82208243036709,104.95341430771259,35424.0,63070.0,76756.0,119783.0,71848.0,8778.0,43027.0,-1510.0,0.18932,0.17083,0.15817,0.32917,,1.21521,0.004,0.05788,3.68672,3.7465,,2.30425,2.30278,85814.33333,7419.83333,23204.25,76026.08333,40412.33333,35662.58333,4749.75,40412.33333,40417.33333,1.00014,1.29236,11.39896,21.84031,17.58139,8.63848,12.43773,35.55654,-29.07114,33207.08333,90186.66667,273545.16667,482276.0,552156.91667,208730.83333,150151.41667,69880.91667,707317.25,873483.83333,488054.41667,219263.16667,,,616934.58333,713864.83333,483537.33333,133397.25,,,90382.83333,159619.08333,4517.25,85865.58333,,,487659.86504,7339001.0,0.625
2003-01-01,Privately owned apartments,119.4837963452525,105.50710448815681,103.539456977442,106.0919773431491,108.82208243036709,104.95341430771259,35424.0,63070.0,76756.0,119783.0,71848.0,8778.0,43027.0,-1510.0,0.18932,0.17083,0.15817,0.32917,,1.21521,0.004,0.05788,3.68672,3.7465,,2.30425,2.30278,85814.33333,7419.83333,23204.25,76026.08333,40412.33333,35662.58333,4749.75,40412.33333,40417.33333,1.00014,1.29236,11.39896,21.84031,17.58139,8.63848,12.43773,35.55654,-29.07114,33207.08333,90186.66667,273545.16667,482276.0,552156.91667,208730.83333,150151.41667,69880.91667,707317.25,873483.83333,488054.41667,219263.16667,,,616934.58333,713864.83333,483537.33333,133397.25,,,90382.83333,159619.08333,4517.25,85865.58333,,,487659.86504,7339001.0,0.625
2003-01-01,Single-family houses,109.8273951457238,103.0928800848385,103.539456977442,106.0919773431491,108.82208243036709,104.95341430771259,35424.0,63070.0,76756.0,119783.0,71848.0,8778.0,43027.0,-1510.0,0.18932,0.17083,0.15817,0.32917,,1.21521,0.004,0.05788,3.68672,3.7465,,2.30425,2.30278,85814.33333,7419.83333,23204.25,76026.08333,40412.33333,35662.58333,4749.75,40412.33333,40417.33333,1.00014,1.29236,11.39896,21.84031,17.58139,8.63848,12.43773,35.55654,-29.07114,33207.08333,90186.66667,273545.16667,482276.0,552156.91667,208730.83333,150151.41667,69880.91667,707317.25,873483.83333,488054.41667,219263.16667,,,616934.58333,713864.83333,483537.33333,133397.25,,,90382.83333,159619.08333,4517.25,85865.58333,,,487659.86504,7339001.0,0.625
2004-01-01,Apartment buildings,,80.4984665863478,103.26578428703017,106.49412787941095,112.5591306155973,107.75426860287168,35685.0,60180.0,79726.0,120188.0,73082.0,12902.0,40462.0,-2410.0,0.28546,0.2825,0.36608,0.48486,,1.67745,0.002,0.05106,4.34823,4.67674,,2.104,2.1031,86848.83333,7579.58333,22119.41667,74839.83333,41708.0,36263.91667,5444.08333,41708.0,41710.16667,0.99994,1.44642,3.26798,6.0488,4.85027,3.78016,3.47382,9.24395,1.68572,33687.08333,93047.16667,288473.33333,504374.0,572835.41667,215900.66667,161739.08333,68461.41667,733775.16667,934022.41667,508310.08333,225465.08333,,,629582.25,736031.91667,502715.0,126867.08333,,,104192.58333,197990.58333,5594.91667,98597.75,,,501701.46634,7389625.0,0.8
2004-01-01,Privately owned apartments,122.51564526921092,109.6076464564208,103.26578428703017,106.49412787941095,112.5591306155973,107.75426860287168,35685.0,60180.0,79726.0,120188.0,73082.0,12902.0,40462.0,-2410.0,0.28546,0.2825,0.36608,0.48486,,1.67745,0.002,0.05106,4.34823,4.67674,,2.104,2.1031,86848.83333,7579.58333,22119.41667,74839.83333,41708.0,36263.91667,5444.08333,41708.0,41710.16667,0.99994,1.44642,3.26798,6.0488,4.85027,3.78016,3.47382,9.24395,1.68572,33687.08333,93047.16667,288473.33333,504374.0,572835.41667,215900.66667,161739.08333,68461.41667,733775.16667,934022.41667,508310.08333,225465.08333,,,629582.25,736031.91667,502715.0,126867.08333,,,104192.58333,197990.58333,5594.91667,98597.75,,,501701.46634,7389625.0,0.8
2004-01-01,Single-family houses,112.42439345829396,104.8097385381745,103.26578428703017,106.49412787941095,112.5591306155973,107.75426860287168,35685.0,60180.0,79726.0,120188.0,73082.0,12902.0,40462.0,-2410.0,0.28546,0.2825,0.36608,0.48486,,1.67745,0.002,0.05106,4.34823,4.67674,,2.104,2.1031,86848.83333,7579.58333,22119.41667,74839.83333,41708.0,36263.91667,5444.08333,41708.0,41710.16667,0.99994,1.44642,3.26798,6.0488,4.85027,3.78016,3.47382,9.24395,1.68572,33687.08333,93047.16667,288473.33333,504374.0,572835.41667,215900.66667,161739.08333,68461.41667,733775.16667,934022.41667,508310.08333,225465.08333,,,629582.25,736031.91667,502715.0,126867.08333,,,104192.58333,197990.58333,5594.91667,98597.75,,,501701.46634,7389625.0,0.8
2005-01-01,Apartment buildings,,85.82482565929338,103.80975892923531,106.88310246758013,116.84349312340095,104.88059386313597,38437.0,61124.0,82090.0,118270.0,72903.0,11779.0,36180.0,-3933.0,0.67329,0.635,0.71183,0.80972,,3.64208,0.00325,0.05761,4.74292,4.75297,,2.20358,2.20333,77276.0,5945.91667,21014.0,62364.5,41871.41667,37061.66667,4809.75,41871.41667,41876.75,0.99984,2.13874,3.77542,-1.36701,-0.68583,4.47982,0.29226,-4.96471,44.61477,34409.08333,96550.75,284178.08333,500708.33333,598483.75,216530.25,153218.25,97775.41667,778301.75,998970.75,537468.91667,240833.0,,,656352.83333,772352.0,531727.75,124625.66667,,,121949.0,226618.75,5741.33333,116207.83333,,,520819.42618,7437115.0,1.175
2005-01-01,Privately owned apartments,125.22696492026614,113.31855684677434,103.80975892923531,106.88310246758013,116.84349312340095,104.88059386313597,38437.0,61124.0,82090.0,118270.0,72903.0,11779.0,36180.0,-3933.0,0.67329,0.635,0.71183,0.80972,,3.64208,0.00325,0.05761,4.74292,4.75297,,2.20358,2.20333,77276.0,5945.91667,21014.0,62364.5,41871.41667,37061.66667,4809.75,41871.41667,41876.75,0.99984,2.13874,3.77542,-1.36701,-0.68583,4.47982,0.29226,-4.96471,44.61477,34409.08333,96550.75,284178.08333,500708.33333,598483.75,216530.25,153218.25,97775.41667,778301.75,998970.75,537468.91667,240833.0,,,656352.83333,772352.0,531727.75,124625.66667,,,121949.0,226618.75,5741.33333,116207.83333,,,520819.42618,7437115.0,1.175
2005-01-01,Single-family houses,113.6337473821883,107.87792419901382,103.80975892923531,106.88310246758013,116.84349312340095,104.88059386313597,38437.0,61124.0,82090.0,118270.0,72903.0,11779.0,36180.0,-3933.0,0.67329,0.635,0.71183,0.80972,,3.64208,0.00325,0.05761,4.74292,4.75297,,2.20358,2.20333,77276.0,5945.91667,21014.0,62364.5,41871.41667,37061.66667,4809.75,41871.41667,41876.75,0.99984,2.13874,3.77542,-1.36701,-0.68583,4.47982,0.29226,-4.96471,44.61477,34409.08333,96550.75,284178.08333,500708.33333,598483.75,216530.25,153218.25,97775.41667,778301.75,998970.75,537468.91667,240833.0,,,656352.83333,772352.0,531727.75,124625.66667,,,121949.0,226618.75,5741.33333,116207.83333,,,520819.42618,7437115.0,1.175
2006-01-01,Apartment buildings,,89.33528504082676,104.80639543977111,107.70811710257253,120.65254049014216,107.2002993571972,46711.0,60283.0,88218.0,127586.0,73371.0,13088.0,39368.0,-2845.0,1.33429,1.33167,1.36108,1.55715,,5.22375,0.14458,0.31696,4.80154,4.87617,,3.13567,3.13623,76349.0,5258.75,20786.33333,59270.41667,43123.66667,38110.08333,5013.58333,43123.66667,43128.0,0.99993,2.3999,1.43815,-0.5749,-1.745,2.65649,-3.27319,-2.49903,25.07337,35235.25,97889.0,282449.08333,491898.66667,614317.16667,209449.58333,149324.83333,122418.5,842881.58333,1080352.25,580605.66667,262276.08333,,,708366.75,838883.41667,576405.16667,131961.83333,,,134514.91667,241468.91667,4200.58333,130314.0,,,554078.31005,7483934.0,1.075
2006-01-01,Privately owned apartments,126.99066944830034,120.0759828258568,104.80639543977111,107.70811710257253,120.65254049014216,107.2002993571972,46711.0,60283.0,88218.0,127586.0,73371.0,13088.0,39368.0,-2845.0,1.33429,1.33167,1.36108,1.55715,,5.22375,0.14458,0.31696,4.80154,4.87617,,3.13567,3.13623,76349.0,5258.75,20786.33333,59270.41667,43123.66667,38110.08333,5013.58333,43123.66667,43128.0,0.99993,2.3999,1.43815,-0.5749,-1.745,2.65649,-3.27319,-2.49903,25.07337,35235.25,97889.0,282449.08333,491898.66667,614317.16667,209449.58333,149324.83333,122418.5,842881.58333,1080352.25,580605.66667,262276.08333,,,708366.75,838883.41667,576405.16667,131961.83333,,,134514.91667,241468.91667,4200.58333,130314.0,,,554078.31005,7483934.0,1.075
2006-01-01,Single-family houses,116.45865743403832,113.34267726709281,104.80639543977111,107.70811710257253,120.65254049014216,107.2002993571972,46711.0,60283.0,88218.0,127586.0,73371.0,13088.0,39368.0,-2845.0,1.33429,1.33167,1.36108,1.55715,,5.22375,0.14458,0.31696,4.80154,4.87617,,3.13567,3.13623,76349.0,5258.75,20786.33333,59270.41667,43123.66667,38110.08333,5013.58333,43123.66667,43128.0,0.99993,2.3999,1.43815,-0.5749,-1.745,2.65649,-3.27319,-2.49903,25.07337,35235.25,97889.0,282449.08333,491898.66667,614317.16667,209449.58333,149324.83333,122418.5,842881.58333,1080352.25,580605.66667,262276.08333,,,708366.75,838883.41667,576405.16667,131961.83333,,,134514.91667,241468.91667,4200.58333,130314.0,,,554078.31005,7483934.0,1.075
2007-01-01,Apartment buildings,,93.1156652380285,108.29187173896004,107.14810291323266,123.73518946777058,106.8057709731714,43889.0,61089.0,90175.0,165634.0,74494.0,13405.0,75459.0,-4109.0,2.12445,2.165,2.16167,2.57243,,5.25577,0.53883,0.79844,5.71261,6.01636,,4.31267,4.313,80326.91667,4466.5,21748.91667,62344.58333,44197.75,38943.16667,5254.58333,44197.75,44198.08333,0.99998,2.04908,-5.85357,-4.79483,-6.10197,2.42606,-7.86633,-5.70191,37.05122,35955.75,92163.91667,268923.25,461930.0,629196.41667,193006.75,140803.58333,167266.41667,951046.25,1196855.0,645742.16667,305304.0,,,791986.0,928205.5,641734.41667,150251.83333,,,159060.5,268649.41667,4008.0,155052.41667,,,589474.12521,7551117.0,0.73333
2007-01-01,Privately owned apartments,130.15611776197932,129.14549633619524,108.29187173896004,107.14810291323266,123.73518946777058,106.8057709731714,43889.0,61089.0,90175.0,165634.0,74494.0,13405.0,75459.0,-4109.0,2.12445,2.165,2.16167,2.57243,,5.25577,0.53883,0.79844,5.71261,6.01636,,4.31267,4.313,80326.91667,4466.5,21748.91667,62344.58333,44197.75,38943.16667,5254.58333,44197.75,44198.08333,0.99998,2.04908,-5.85357,-4.79483,-6.10197,2.42606,-7.86633,-5.70191,37.05122,35955.75,92163.91667,268923.25,461930.0,629196.41667,193006.75,140803.58333,167266.41667,951046.25,1196855.0,645742.16667,305304.0,,,791986.0,928205.5,641734.41667,150251.83333,,,159060.5,268649.41667,4008.0,155052.41667,,,589474.12521,7551117.0,0.73333
2007-01-01,Single-family houses,118.85988892271129,120.44622740048639,108.29187173896004,107.14810291323266,123.73518946777058,106.8057709731714,43889.0,61089.0,90175.0,165634.0,74494.0,13405.0,75459.0,-4109.0,2.12445,2.165,2.16167,2.57243,,5.25577,0.53883,0.79844,5.71261,6.01636,,4.31267,4.313,80326.91667,4466.5,21748.91667,62344.58333,44197.75,38943.16667,5254.58333,44197.75,44198.08333,0.99998,2.04908,-5.85357,-4.79483,-6.10197,2.42606,-7.86633,-5.70191,37.05122,35955.75,92163.91667,268923.25,461930.0,629196.41667,193006.75,140803.58333,167266.41667,951046.25,1196855.0,645742.16667,305304.0,,,791986.0,928205.5,641734.41667,150251.83333,,,159060.5,268649.41667,4008.0,155052.41667,,,589474.12521,7551117.0,0.73333
2008-01-01,Apartment buildings,,92.60359753151687,108.73736900904598,107.98808396520909,128.93638687378723,107.41327066551113,44365.0,61233.0,86130.0,184297.0,76691.0,15458.0,98167.0,-5263.0,1.50182,1.5775,1.15292,2.48347,,2.79115,0.47217,0.91904,4.60043,5.44469,,4.57217,4.57229,82597.16667,3772.5,33197.41667,70005.16667,49561.91667,41306.16667,8255.75,49561.91667,49560.16667,0.99902,4.25968,-1.20047,1.55173,-1.0492,2.62036,-4.70753,2.6686,13.7706,37502.91667,91018.58333,273078.16667,456827.5,645677.0,183749.33333,144556.66667,188849.5,1007108.75,1249103.58333,668074.25,339034.41667,,,834901.08333,972725.16667,663603.66667,171297.66667,,,172207.66667,276378.33333,4470.75,167737.0,,,614039.78268,7647675.0,2.43333
2008-01-01,Privately owned apartments,135.5107307006537,136.56189468256193,108.73736900904598,107.98808396520909,128.93638687378723,107.41327066551113,44365.0,61233.0,86130.0,184297.0,76691.0,15458.0,98167.0,-5263.0,1.50182,1.5775,1.15292,2.48347,,2.79115,0.47217,0.91904,4.60043,5.44469,,4.57217,4.57229,82597.16667,3772.5,33197.41667,70005.16667,49561.91667,41306.16667,8255.75,49561.91667,49560.16667,0.99902,4.25968,-1.20047,1.55173,-1.0492,2.62036,-4.70753,2.6686,13.7706,37502.91667,91018.58333,273078.16667,456827.5,645677.0,183749.33333,144556.66667,188849.5,1007108.75,1249103.58333,668074.25,339034.41667,,,834901.08333,972725.16667,663603.66667,171297.66667,,,172207.66667,276378.33333,4470.75,167737.0,,,614039.78268,7647675.0,2.43333
2008-01-01,Single-family houses,122.05189619332815,127.3131196224142,108.73736900904598,107.98808396520909,128.93638687378723,107.41327066551113,44365.0,61233.0,86130.0,184297.0,76691.0,15458.0,98167.0,-5263.0,1.50182,1.5775,1.15292,2.48347,,2.79115,0.47217,0.91904,4.60043,5.44469,,4.57217,4.57229,82597.16667,3772.5,33197.41667,70005.16667,49561.91667,41306.16667,8255.75,49561.91667,49560.16667,0.99902,4.25968,-1.20047,1.55173,-1.0492,2.62036,-4.70753,2.6686,13.7706,37502.91667,91018.58333,273078.16667,456827.5,645677.0,183749.33333,144556.66667,188849.5,1007108.75,1249103.58333,668074.25,339034.41667,,,834901.08333,972725.16667,663603.66667,171297.66667,,,172207.66667,276378.33333,4470.75,167737.0,,,614039.78268,7647675.0,2.43333
2009-01-01,Apartment buildings,,97.05133836586033,100.33725611009108,112.26528379452054,133.5103793890114,111.04809232080788,43440.0,62476.0,86036.0,160623.0,78286.0,15810.0,74587.0,-6447.0,0.03475,0.04167,0.0,0.36251,,0.65081,0.107,0.45763,0.54736,1.14229,,1.14667,1.12701,106655.5,5505.83333,40049.75,53124.0,99087.08333,45346.33333,53740.75,99087.08333,99090.16667,1.00042,11.38278,20.85388,38.6168,33.56036,5.79945,26.23734,57.20477,-60.44406,41702.66667,109914.25,377199.08333,608997.08333,683092.58333,231798.0,225582.16667,74095.5,984429.75,1225798.66667,700892.0,283537.75,137489.9,142041.8,867512.91667,1013065.16667,696381.58333,171131.33333,56728.2,113591.3,116916.91667,212733.75,4510.33333,112406.58333,80761.6,28450.3,602688.11551,7743831.0,-0.48333
2009-01-01,Privately owned apartments,144.2114783102576,140.57034502096158,100.33725611009108,112.26528379452054,133.5103793890114,111.04809232080788,43440.0,62476.0,86036.0,160623.0,78286.0,15810.0,74587.0,-6447.0,0.03475,0.04167,0.0,0.36251,,0.65081,0.107,0.45763,0.54736,1.14229,,1.14667,1.12701,106655.5,5505.83333,40049.75,53124.0,99087.08333,45346.33333,53740.75,99087.08333,99090.16667,1.00042,11.38278,20.85388,38.6168,33.56036,5.79945,26.23734,57.20477,-60.44406,41702.66667,109914.25,377199.08333,608997.08333,683092.58333,231798.0,225582.16667,74095.5,984429.75,1225798.66667,700892.0,283537.75,137489.9,142041.8,867512.91667,1013065.16667,696381.58333,171131.33333,56728.2,113591.3,116916.91667,212733.75,4510.33333,112406.58333,80761.6,28450.3,602688.11551,7743831.0,-0.48333
2009-01-01,Single-family houses,128.2039769040978,128.86389811463042,100.33725611009108,112.26528379452054,133.5103793890114,111.04809232080788,43440.0,62476.0,86036.0,160623.0,78286.0,15810.0,74587.0,-6447.0,0.03475,0.04167,0.0,0.36251,,0.65081,0.107,0.45763,0.54736,1.14229,,1.14667,1.12701,106655.5,5505.83333,40049.75,53124.0,99087.08333,45346.33333,53740.75,99087.08333,99090.16667,1.00042,11.38278,20.85388,38.6168,33.56036,5.79945,26.23734,57.20477,-60.44406,41702.66667,109914.25,377199.08333,608997.08333,683092.58333,231798.0,225582.16667,74095.5,984429.75,1225798.66667,700892.0,283537.75,137489.9,142041.8,867512.91667,1013065.16667,696381.58333,171131.33333,56728.2,113591.3,116916.91667,212733.75,4510.33333,112406.58333,80761.6,28450.3,602688.11551,7743831.0,-0.48333
2010-01-01,Apartment buildings,,100.0,104.13962616062742,112.42685333556366,135.83112487288872,113.71324864240258,39314.0,62553.0,96839.0,161778.0,80290.0,17737.0,64939.0,-4470.0,0.08165,0.04917,0.02642,0.18646,,0.34479,0.09358,0.2286,0.49816,0.70535,,0.81992,0.76146,232062.5,5017.5,5922.25,152794.66667,90207.58333,47069.83333,43137.75,90207.58333,90214.91667,1.00017,4.94931,5.88911,10.73947,10.92468,6.94069,11.23259,14.21961,-23.32639,43768.75,116366.25,417467.16667,675028.58333,730528.08333,257561.41667,257332.16667,55499.5,1010847.5,1255642.41667,735713.58333,275134.08333,144645.91667,130488.33333,890025.66667,1034335.75,730868.91667,159156.83333,59057.33333,100099.25,120821.83333,221306.66667,4844.41667,115977.5,85588.5,30389.08333,624008.73541,7824909.0,0.68333
2010-01-01,Privately owned apartments,151.71707212522696,149.26255230042167,104.13962616062742,112.42685333556366,135.83112487288872,113.71324864240258,39314.0,62553.0,96839.0,161778.0,80290.0,17737.0,64939.0,-4470.0,0.08165,0.04917,0.02642,0.18646,,0.34479,0.09358,0.2286,0.49816,0.70535,,0.81992,0.76146,232062.5,5017.5,5922.25,152794.66667,90207.58333,47069.83333,43137.75,90207.58333,90214.91667,1.00017,4.94931,5.88911,10.73947,10.92468,6.94069,11.23259,14.21961,-23.32639,43768.75,116366.25,417467.16667,675028.58333,730528.08333,257561.41667,257332.16667,55499.5,1010847.5,1255642.41667,735713.58333,275134.08333,144645.91667,130488.33333,890025.66667,1034335.75,730868.91667,159156.83333,59057.33333,100099.25,120821.83333,221306.66667,4844.41667,115977.5,85588.5,30389.08333,624008.73541,7824909.0,0.68333
2010-01-01,Single-family houses,134.1746034196673,134.0468817933283,104.13962616062742,112.42685333556366,135.83112487288872,113.71324864240258,39314.0,62553.0,96839.0,161778.0,80290.0,17737.0,64939.0,-4470.0,0.08165,0.04917,0.02642,0.18646,,0.34479,0.09358,0.2286,0.49816,0.70535,,0.81992,0.76146,232062.5,5017.5,5922.25,152794.66667,90207.58333,47069.83333,43137.75,90207.58333,90214.91667,1.00017,4.94931,5.88911,10.73947,10.92468,6.94069,11.23259,14.21961,-23.32639,43768.75,116366.25,417467.16667,675028.58333,730528.08333,257561.41667,257332.16667,55499.5,1010847.5,1255642.41667,735713.58333,275134.08333,144645.91667,130488.33333,890025.66667,1034335.75,730868.91667,159156.83333,59057.33333,100099.25,120821.83333,221306.66667,4844.41667,115977.5,85588.5,30389.08333,624008.73541,7824909.0,0.68333
2011-01-01,Apartment buildings,,104.7331943539369,103.7420926481208,110.79922350694144,139.68105526113095,114.67909759206158,36012.0,62091.0,96494.0,164612.0,80808.0,18717.0,68118.0,-2307.0,0.04032,0.02417,-0.14367,0.11715,,0.34874,0.07525,0.19481,0.55743,0.88732,,1.40808,1.35252,280703.66667,3491.25,7997.75,154464.5,137728.16667,49239.83333,88488.33333,137728.16667,137731.0,1.00105,7.52666,7.36489,8.56321,8.1661,7.22054,7.52508,9.28701,-4.50208,47089.58333,124939.58333,453282.83333,730206.5,783290.0,276923.66667,281253.66667,53083.5,1033416.25,1285195.25,770856.41667,262559.91667,142768.75,119791.0,917910.08333,1070701.58333,765876.25,152033.58333,60049.66667,91984.16667,115506.25,214493.75,4980.08333,110525.91667,82718.91667,27806.83333,635722.26511,7912398.0,0.25
2011-01-01,Privately owned apartments,159.03063978482223,158.18588695044204,103.7420926481208,110.79922350694144,139.68105526113095,114.67909759206158,36012.0,62091.0,96494.0,164612.0,80808.0,18717.0,68118.0,-2307.0,0.04032,0.02417,-0.14367,0.11715,,0.34874,0.07525,0.19481,0.55743,0.88732,,1.40808,1.35252,280703.66667,3491.25,7997.75,154464.5,137728.16667,49239.83333,88488.33333,137728.16667,137731.0,1.00105,7.52666,7.36489,8.56321,8.1661,7.22054,7.52508,9.28701,-4.50208,47089.58333,124939.58333,453282.83333,730206.5,783290.0,276923.66667,281253.66667,53083.5,1033416.25,1285195.25,770856.41667,262559.91667,142768.75,119791.0,917910.08333,1070701.58333,765876.25,152033.58333,60049.66667,91984.16667,115506.25,214493.75,4980.08333,110525.91667,82718.91667,27806.83333,635722.26511,7912398.0,0.25
2011-01-01,Single-family houses,139.67831624094117,141.04728519473534,103.7420926481208,110.79922350694144,139.68105526113095,114.67909759206158,36012.0,62091.0,96494.0,164612.0,80808.0,18717.0,68118.0,-2307.0,0.04032,0.02417,-0.14367,0.11715,,0.34874,0.07525,0.19481,0.55743,0.88732,,1.40808,1.35252,280703.66667,3491.25,7997.75,154464.5,137728.16667,49239.83333,88488.33333,137728.16667,137731.0,1.00105,7.52666,7.36489,8.56321,8.1661,7.22054,7.52508,9.28701,-4.50208,47089.58333,124939.58333,453282.83333,730206.5,783290.0,276923.66667,281253.66667,53083.5,1033416.25,1285195.25,770856.41667,262559.91667,142768.75,119791.0,917910.08333,1070701.58333,765876.25,152033.58333,60049.66667,91984.16667,115506.25,214493.75,4980.08333,110525.91667,82718.91667,27806.83333,635722.26511,7912398.0,0.25
2012-01-01,Apartment buildings,,112.77912894812647,105.37239383294765,116.2820061603017,143.98271112899846,121.86439733163321,33500.0,64173.0,103881.0,175008.0,82164.0,17991.0,71127.0,-4720.0,0.00055,-0.01417,-0.30842,0.06557,,0.41972,0.08333,0.19216,0.45592,0.80475,,0.53133,0.44958,398763.08333,3667.16667,9437.33333,127486.83333,284380.75,54713.33333,229667.41667,284380.75,284391.16667,1.00025,19.57163,9.67222,11.41972,10.04709,8.24336,7.81155,10.8452,-15.18351,56308.83333,137014.33333,505017.0,803593.25,848007.75,298576.25,311693.83333,44414.5,1079750.41667,1350614.0,810496.16667,269254.33333,149330.41667,119923.83333,960761.5,1118911.25,804675.58333,156085.75,62046.58333,94039.25,118988.91667,231702.91667,5820.33333,113168.58333,87283.91667,25884.66667,643772.74615,7996861.0,-0.7
2012-01-01,Privately owned apartments,167.19507831305384,170.79727893771692,105.37239383294765,116.2820061603017,143.98271112899846,121.86439733163321,33500.0,64173.0,103881.0,175008.0,82164.0,17991.0,71127.0,-4720.0,0.00055,-0.01417,-0.30842,0.06557,,0.41972,0.08333,0.19216,0.45592,0.80475,,0.53133,0.44958,398763.08333,3667.16667,9437.33333,127486.83333,284380.75,54713.33333,229667.41667,284380.75,284391.16667,1.00025,19.57163,9.67222,11.41972,10.04709,8.24336,7.81155,10.8452,-15.18351,56308.83333,137014.33333,505017.0,803593.25,848007.75,298576.25,311693.83333,44414.5,1079750.41667,1350614.0,810496.16667,269254.33333,149330.41667,119923.83333,960761.5,1118911.25,804675.58333,156085.75,62046.58333,94039.25,118988.91667,231702.91667,5820.33333,113168.58333,87283.91667,25884.66667,643772.74615,7996861.0,-0.7
2012-01-01,Single-family houses,144.9053519317529,150.4871328726518,105.37239383294765,116.2820061603017,143.98271112899846,121.86439733163321,33500.0,64173.0,103881.0,175008.0,82164.0,17991.0,71127.0,-4720.0,0.00055,-0.01417,-0.30842,0.06557,,0.41972,0.08333,0.19216,0.45592,0.80475,,0.53133,0.44958,398763.08333,3667.16667,9437.33333,127486.83333,284380.75,54713.33333,229667.41667,284380.75,284391.16667,1.00025,19.57163,9.67222,11.41972,10.04709,8.24336,7.81155,10.8452,-15.18351,56308.83333,137014.33333,505017.0,803593.25,848007.75,298576.25,311693.83333,44414.5,1079750.41667,1350614.0,810496.16667,269254.33333,149330.41667,119923.83333,960761.5,1118911.25,804675.58333,156085.75,62046.58333,94039.25,118988.91667,231702.91667,5820.33333,113168.58333,87283.91667,25884.66667,643772.74615,7996861.0,-0.7
2013-01-01,Apartment buildings,,118.49997111875085,107.52959501198163,122.51275284963523,148.14929055561637,123.62355801228053,34061.0,64961.0,106196.0,193302.0,82731.0,17770.0,87106.0,-4305.0,-0.00547,-0.07583,-0.09958,0.01967,,0.26586,0.07125,0.15452,0.40751,0.51241,,0.22542,0.15786,491874.33333,3693.33333,0.0,134802.66667,360765.0,59672.83333,301092.16667,360765.0,360769.75,1.00004,12.36245,6.76923,8.42449,7.40703,7.02012,5.70434,8.4762,0.34037,63144.83333,146267.0,546924.5,862412.25,906942.75,315487.75,337512.66667,44530.5,1144262.25,1435634.5,855660.91667,288601.33333,159568.33333,129033.0,1008736.5,1177030.08333,849319.08333,159417.5,63061.33333,96356.33333,135525.75,258604.41667,6341.83333,129183.83333,96507.0,32676.66667,655083.161,8089346.0,-0.21667
2013-01-01,Privately owned apartments,172.78242509305377,183.59100695319304,107.52959501198163,122.51275284963523,148.14929055561637,123.62355801228053,34061.0,64961.0,106196.0,193302.0,82731.0,17770.0,87106.0,-4305.0,-0.00547,-0.07583,-0.09958,0.01967,,0.26586,0.07125,0.15452,0.40751,0.51241,,0.22542,0.15786,491874.33333,3693.33333,0.0,134802.66667,360765.0,59672.83333,301092.16667,360765.0,360769.75,1.00004,12.36245,6.76923,8.42449,7.40703,7.02012,5.70434,8.4762,0.34037,63144.83333,146267.0,546924.5,862412.25,906942.75,315487.75,337512.66667,44530.5,1144262.25,1435634.5,855660.91667,288601.33333,159568.33333,129033.0,1008736.5,1177030.08333,849319.08333,159417.5,63061.33333,96356.33333,135525.75,258604.41667,6341.83333,129183.83333,96507.0,32676.66667,655083.161,8089346.0,-0.21667
2013-01-01,Single-family houses,151.647625168616,157.4835974359842,107.52959501198163,122.51275284963523,148.14929055561637,123.62355801228053,34061.0,64961.0,106196.0,193302.0,82731.0,17770.0,87106.0,-4305.0,-0.00547,-0.07583,-0.09958,0.01967,,0.26586,0.07125,0.15452,0.40751,0.51241,,0.22542,0.15786,491874.33333,3693.33333,0.0,134802.66667,360765.0,59672.83333,301092.16667,360765.0,360769.75,1.00004,12.36245,6.76923,8.42449,7.40703,7.02012,5.70434,8.4762,0.34037,63144.83333,146267.0,546924.5,862412.25,906942.75,315487.75,337512.66667,44530.5,1144262.25,1435634.5,855660.91667,288601.33333,159568.33333,129033.0,1008736.5,1177030.08333,849319.08333,159417.5,63061.33333,96356.33333,135525.75,258604.41667,6341.83333,129183.83333,96507.0,32676.66667,655083.161,8089346.0,-0.21667
2014-01-01,Apartment buildings,,123.867991592068,107.44536654104613,122.7666196130819,151.3997831492045,119.59058143617428,32836.0,63938.0,111103.0,187326.0,85287.0,21349.0,76223.0,463.0,-0.01683,-0.28583,-0.12633,0.00783,,0.23445,0.06133,0.12708,0.39503,0.54418,,0.20442,0.17667,504179.33333,3735.0,3.91667,132613.08333,375305.16667,62662.75,312642.41667,375305.16667,375305.08333,0.99998,5.25815,11.58031,3.71518,3.42529,3.72956,2.92776,0.01232,9.66927,66405.08333,163275.08333,567174.41667,891900.25,940732.83333,324725.83333,337494.25,48832.58333,1204706.0,1513219.5,889837.25,314869.16667,177717.5,137151.5,1052284.25,1232010.91667,882036.08333,170248.16667,65912.58333,104335.41667,152422.08333,281208.83333,7801.25,144620.83333,111804.91667,32816.0,665700.1797,8188649.0,-0.01667
2014-01-01,Privately owned apartments,176.65709530965833,189.3303731107787,107.44536654104613,122.7666196130819,151.3997831492045,119.59058143617428,32836.0,63938.0,111103.0,187326.0,85287.0,21349.0,76223.0,463.0,-0.01683,-0.28583,-0.12633,0.00783,,0.23445,0.06133,0.12708,0.39503,0.54418,,0.20442,0.17667,504179.33333,3735.0,3.91667,132613.08333,375305.16667,62662.75,312642.41667,375305.16667,375305.08333,0.99998,5.25815,11.58031,3.71518,3.42529,3.72956,2.92776,0.01232,9.66927,66405.08333,163275.08333,567174.41667,891900.25,940732.83333,324725.83333,337494.25,48832.58333,1204706.0,1513219.5,889837.25,314869.16667,177717.5,137151.5,1052284.25,1232010.91667,882036.08333,170248.16667,65912.58333,104335.41667,152422.08333,281208.83333,7801.25,144620.83333,111804.91667,32816.0,665700.1797,8188649.0,-0.01667
2014-01-01,Single-family houses,153.6061443512065,161.47427374975263,107.44536654104613,122.7666196130819,151.3997831492045,119.59058143617428,32836.0,63938.0,111103.0,187326.0,85287.0,21349.0,76223.0,463.0,-0.01683,-0.28583,-0.12633,0.00783,,0.23445,0.06133,0.12708,0.39503,0.54418,,0.20442,0.17667,504179.33333,3735.0,3.91667,132613.08333,375305.16667,62662.75,312642.41667,375305.16667,375305.08333,0.99998,5.25815,11.58031,3.71518,3.42529,3.72956,2.92776,0.01232,9.66927,66405.08333,163275.08333,567174.41667,891900.25,940732.83333,324725.83333,337494.25,48832.58333,1204706.0,1513219.5,889837.25,314869.16667,177717.5,137151.5,1052284.25,1232010.91667,882036.08333,170248.16667,65912.58333,104335.41667,152422.08333,281208.83333,7801.25,144620.83333,111804.91667,32816.0,665700.1797,8188649.0,-0.01667
2015-01-01,Apartment buildings,,130.2480733691019,109.03225286643887,126.447988686061,152.8629255441444,118.17492962069372,40689.0,67606.0,116631.0,188515.0,86559.0,18953.0,71884.0,-1377.0,-0.72435,-1.15833,-1.02908,-0.78375,,0.32975,0.05333,0.09156,0.42381,0.57532,,-0.02733,-0.03065,587900.25,3884.33333,0.0,135921.33333,455863.25,67353.75,388509.5,455863.25,455868.83333,1.00002,5.44583,6.58764,-0.10284,1.1467,1.86053,3.32999,-4.25166,15.07341,69998.41667,173484.16667,566548.66667,902113.83333,958217.58333,335565.16667,323066.08333,56103.75,1225848.33333,1662347.5,919797.16667,306051.16667,183080.75,122970.5,1072089.33333,1319955.75,911683.25,160406.41667,65802.0,94604.5,153759.0,342391.75,8114.25,145645.0,117279.0,28365.91667,667701.00018,8282396.0,-1.14167
2015-01-01,Privately owned apartments,179.3766893168258,191.8708520654579,109.03225286643887,126.447988686061,152.8629255441444,118.17492962069372,40689.0,67606.0,116631.0,188515.0,86559.0,18953.0,71884.0,-1377.0,-0.72435,-1.15833,-1.02908,-0.78375,,0.32975,0.05333,0.09156,0.42381,0.57532,,-0.02733,-0.03065,587900.25,3884.33333,0.0,135921.33333,455863.25,67353.75,388509.5,455863.25,455868.83333,1.00002,5.44583,6.58764,-0.10284,1.1467,1.86053,3.32999,-4.25166,15.07341,69998.41667,173484.16667,566548.66667,902113.83333,958217.58333,335565.16667,323066.08333,56103.75,1225848.33333,1662347.5,919797.16667,306051.16667,183080.75,122970.5,1072089.33333,1319955.75,911683.25,160406.41667,65802.0,94604.5,153759.0,342391.75,8114.25,145645.0,117279.0,28365.91667,667701.00018,8282396.0,-1.14167
2015-01-01,Single-family houses,157.08767036002996,164.8316832005526,109.03225286643887,126.447988686061,152.8629255441444,118.17492962069372,40689.0,67606.0,116631.0,188515.0,86559.0,18953.0,71884.0,-1377.0,-0.72435,-1.15833,-1.02908,-0.78375,,0.32975,0.05333,0.09156,0.42381,0.57532,,-0.02733,-0.03065,587900.25,3884.33333,0.0,135921.33333,455863.25,67353.75,388509.5,455863.25,455868.83333,1.00002,5.44583,6.58764,-0.10284,1.1467,1.86053,3.32999,-4.25166,15.07341,69998.41667,173484.16667,566548.66667,902113.83333,958217.58333,335565.16667,323066.08333,56103.75,1225848.33333,1662347.5,919797.16667,306051.16667,183080.75,122970.5,1072089.33333,1319955.75,911683.25,160406.41667,65802.0,94604.5,153759.0,342391.75,8114.25,145645.0,117279.0,28365.91667,667701.00018,8282396.0,-1.14167
2016-01-01,Apartment buildings,,135.88714757396596,113.41653645279652,127.98025629866694,150.9360659285071,114.43460367692997,42937.0,64964.0,120653.0,191683.0,87883.0,22919.0,71030.0,-1525.0,-0.73562,-1.26667,-0.99225,-0.74812,,0.75994,-0.03533,-0.01941,0.33791,0.49375,,-0.271,-0.28582,680987.08333,4011.91667,2.33333,180861.66667,504139.66667,72187.25,431952.41667,504139.66667,504139.75,1.00002,9.02038,-23.88063,2.42834,2.81787,2.37755,3.5722,15.28582,-4.62735,76295.41667,131509.0,580213.0,927553.41667,981001.25,347340.41667,372408.58333,53447.83333,1256651.58333,1679633.58333,944301.66667,312349.83333,187176.83333,125173.0,1093191.25,1345448.5,936332.58333,156858.41667,64333.08333,92525.41667,163460.41667,334184.91667,7969.0,155491.41667,122843.91667,32647.58333,677729.68558,8373338.0,-0.43333
2016-01-01,Privately owned apartments,181.12001741301611,192.86449988693766,113.41653645279652,127.98025629866694,150.9360659285071,114.43460367692997,42937.0,64964.0,120653.0,191683.0,87883.0,22919.0,71030.0,-1525.0,-0.73562,-1.26667,-0.99225,-0.74812,,0.75994,-0.03533,-0.01941,0.33791,0.49375,,-0.271,-0.28582,680987.08333,4011.91667,2.33333,180861.66667,504139.66667,72187.25,431952.41667,504139.66667,504139.75,1.00002,9.02038,-23.88063,2.42834,2.81787,2.37755,3.5722,15.28582,-4.62735,76295.41667,131509.0,580213.0,927553.41667,981001.25,347340.41667,372408.58333,53447.83333,1256651.58333,1679633.58333,944301.66667,312349.83333,187176.83333,125173.0,1093191.25,1345448.5,936332.58333,156858.41667,64333.08333,92525.41667,163460.41667,334184.91667,7969.0,155491.41667,122843.91667,32647.58333,677729.68558,8373338.0,-0.43333
2016-01-01,Single-family houses,159.14265553798134,165.5322080467878,113.41653645279652,127.98025629866694,150.9360659285071,114.43460367692997,42937.0,64964.0,120653.0,191683.0,87883.0,22919.0,71030.0,-1525.0,-0.73562,-1.26667,-0.99225,-0.74812,,0.75994,-0.03533,-0.01941,0.33791,0.49375,,-0.271,-0.28582,680987.08333,4011.91667,2.33333,180861.66667,504139.66667,72187.25,431952.41667,504139.66667,504139.75,1.00002,9.02038,-23.88063,2.42834,2.81787,2.37755,3.5722,15.28582,-4.62735,76295.41667,131509.0,580213.0,927553.41667,981001.25,347340.41667,372408.58333,53447.83333,1256651.58333,1679633.58333,944301.66667,312349.83333,187176.83333,125173.0,1093191.25,1345448.5,936332.58333,156858.41667,64333.08333,92525.41667,163460.41667,334184.91667,7969.0,155491.41667,122843.91667,32647.58333,677729.68558,8373338.0,-0.43333
2017-01-01,Apartment buildings,,139.89964728065965,113.02584768943224,126.72999750652953,149.4822569483614,114.62879351561841,44949.0,66971.0,124997.0,170945.0,87381.0,20410.0,45948.0,-1778.0,-0.73627,-0.97917,-0.93575,-0.7314,,1.28789,-0.06083,-0.01558,0.24132,0.36302,,-0.32933,-0.36942,782872.41667,3929.0,2.16667,234954.66667,551848.91667,76451.75,475397.16667,551848.91667,551847.75,1.00001,8.09174,3.44115,6.48434,4.11805,3.70665,0.15923,7.24294,-3.36371,82452.75,136040.08333,617883.66667,965772.08333,1017385.66667,347888.41667,399390.83333,51613.58333,1306627.0,1726976.83333,970245.66667,336381.33333,195109.41667,141271.91667,1122440.33333,1381372.75,962470.41667,159970.08333,66722.5,93247.58333,184186.41667,345604.16667,7775.33333,176411.25,128387.0,48024.33333,684903.19266,8451840.0,0.53333
2017-01-01,Privately owned apartments,181.49390152158236,191.64535716595773,113.02584768943224,126.72999750652953,149.4822569483614,114.62879351561841,44949.0,66971.0,124997.0,170945.0,87381.0,20410.0,45948.0,-1778.0,-0.73627,-0.97917,-0.93575,-0.7314,,1.28789,-0.06083,-0.01558,0.24132,0.36302,,-0.32933,-0.36942,782872.41667,3929.0,2.16667,234954.66667,551848.91667,76451.75,475397.16667,551848.91667,551847.75,1.00001,8.09174,3.44115,6.48434,4.11805,3.70665,0.15923,7.24294,-3.36371,82452.75,136040.08333,617883.66667,965772.08333,1017385.66667,347888.41667,399390.83333,51613.58333,1306627.0,1726976.83333,970245.66667,336381.33333,195109.41667,141271.91667,1122440.33333,1381372.75,962470.41667,159970.08333,66722.5,93247.58333,184186.41667,345604.16667,7775.33333,176411.25,128387.0,48024.33333,684903.19266,8451840.0,0.53333
2017-01-01,Single-family houses,162.94586476773878,165.99500275486125,113.02584768943224,126.72999750652953,149.4822569483614,114.62879351561841,44949.0,66971.0,124997.0,170945.0,87381.0,20410.0,45948.0,-1778.0,-0.73627,-0.97917,-0.93575,-0.7314,,1.28789,-0.06083,-0.01558,0.24132,0.36302,,-0.32933,-0.36942,782872.41667,3929.0,2.16667,234954.66667,551848.91667,76451.75,475397.16667,551848.91667,551847.75,1.00001,8.09174,3.44115,6.48434,4.11805,3.70665,0.15923,7.24294,-3.36371,82452.75,136040.08333,617883.66667,965772.08333,1017385.66667,347888.41667,399390.83333,51613.58333,1306627.0,1726976.83333,970245.66667,336381.33333,195109.41667,141271.91667,1122440.33333,1381372.75,962470.41667,159970.08333,66722.5,93247.58333,184186.41667,345604.16667,7775.33333,176411.25,128387.0,48024.33333,684903.19266,8451840.0,0.53333
2018-01-01,Apartment buildings,,144.3954572126156,111.19303859796163,123.94454169748732,146.34026876198496,114.77169895406627,42493.0,67088.0,130225.0,170085.0,87851.0,20763.0,39860.0,-226.0,-0.73963,-0.94,-0.89358,-0.73405,2.15,2.35805,-0.06175,-0.05161,0.55529,0.73611,,-0.32108,-0.36049,821359.83333,3873.0,2.0,275860.58333,549374.25,78984.83333,470389.41667,549374.25,549374.16667,1.0,6.90921,2.25846,5.79743,3.22221,2.88126,-1.32997,6.77463,-3.44689,88126.5,139056.5,653581.75,996835.5,1046656.91667,343253.75,426398.75,49821.41667,1347753.5,1784871.16667,999365.0,348388.5,201752.75,146635.66667,1157070.66667,1428576.33333,990349.33333,166721.58333,69717.66667,97003.91667,190682.75,356294.83333,9015.66667,181666.91667,132035.08333,49631.75,709864.55021,8514329.0,0.925
2018-01-01,Privately owned apartments,177.99242549867154,198.51509653951328,111.19303859796163,123.94454169748732,146.34026876198496,114.77169895406627,42493.0,67088.0,130225.0,170085.0,87851.0,20763.0,39860.0,-226.0,-0.73963,-0.94,-0.89358,-0.73405,2.15,2.35805,-0.06175,-0.05161,0.55529,0.73611,,-0.32108,-0.36049,821359.83333,3873.0,2.0,275860.58333,549374.25,78984.83333,470389.41667,549374.25,549374.16667,1.0,6.90921,2.25846,5.79743,3.22221,2.88126,-1.32997,6.77463,-3.44689,88126.5,139056.5,653581.75,996835.5,1046656.91667,343253.75,426398.75,49821.41667,1347753.5,1784871.16667,999365.0,348388.5,201752.75,146635.66667,1157070.66667,1428576.33333,990349.33333,166721.58333,69717.66667,97003.91667,190682.75,356294.83333,9015.66667,181666.91667,132035.08333,49631.75,709864.55021,8514329.0,0.925
2018-01-01,Single-family houses,164.81184756046204,172.3613542862084,111.19303859796163,123.94454169748732,146.34026876198496,114.77169895406627,42493.0,67088.0,130225.0,170085.0,87851.0,20763.0,39860.0,-226.0,-0.73963,-0.94,-0.89358,-0.73405,2.15,2.35805,-0.06175,-0.05161,0.55529,0.73611,,-0.32108,-0.36049,821359.83333,3873.0,2.0,275860.58333,549374.25,78984.83333,470389.41667,549374.25,549374.16667,1.0,6.90921,2.25846,5.79743,3.22221,2.88126,-1.32997,6.77463,-3.44689,88126.5,139056.5,653581.75,996835.5,1046656.91667,343253.75,426398.75,49821.41667,1347753.5,1784871.16667,999365.0,348388.5,201752.75,146635.66667,1157070.66667,1428576.33333,990349.33333,166721.58333,69717.66667,97003.91667,190682.75,356294.83333,9015.66667,181666.91667,132035.08333,49631.75,709864.55021,8514329.0,0.925
2019-01-01,Apartment buildings,,147.5001539700388,112.29414456776472,123.81109685098824,144.41277685346643,115.79827276296375,41127.0,67780.0,126221.0,169573.0,86172.0,18392.0,43352.0,-238.0,-0.72954,-0.96417,-0.82558,-0.73753,2.29833,2.29624,-0.05917,-0.07771,0.70816,0.8069,-0.53533,-0.35908,-0.39458,832732.0,4009.66667,43.5,272624.66667,564160.5,79782.33333,484378.16667,564160.5,564164.08333,0.99999,-4.01782,-1.11302,3.94805,2.73972,2.87353,0.45257,7.23071,5.60639,84518.16667,137504.75,679240.91667,1024045.58333,1076649.75,344804.66667,457218.0,52604.16667,1381642.0,1833467.75,1033603.83333,348038.25,201486.91667,146551.33333,1197110.08333,1479298.08333,1024057.0,173053.25,71440.91667,101612.25,184531.83333,354169.41667,9546.83333,174985.0,130046.0,44938.91667,717322.81913,8575280.0,0.35833
2019-01-01,Privately owned apartments,175.06810224729008,202.23051503023282,112.29414456776472,123.81109685098824,144.41277685346643,115.79827276296375,41127.0,67780.0,126221.0,169573.0,86172.0,18392.0,43352.0,-238.0,-0.72954,-0.96417,-0.82558,-0.73753,2.29833,2.29624,-0.05917,-0.07771,0.70816,0.8069,-0.53533,-0.35908,-0.39458,832732.0,4009.66667,43.5,272624.66667,564160.5,79782.33333,484378.16667,564160.5,564164.08333,0.99999,-4.01782,-1.11302,3.94805,2.73972,2.87353,0.45257,7.23071,5.60639,84518.16667,137504.75,679240.91667,1024045.58333,1076649.75,344804.66667,457218.0,52604.16667,1381642.0,1833467.75,1033603.83333,348038.25,201486.91667,146551.33333,1197110.08333,1479298.08333,1024057.0,173053.25,71440.91667,101612.25,184531.83333,354169.41667,9546.83333,174985.0,130046.0,44938.91667,717322.81913,8575280.0,0.35833
2019-01-01,Single-family houses,165.6406482497716,176.19903457287148,112.29414456776472,123.81109685098824,144.41277685346643,115.79827276296375,41127.0,67780.0,126221.0,169573.0,86172.0,18392.0,43352.0,-238.0,-0.72954,-0.96417,-0.82558,-0.73753,2.29833,2.29624,-0.05917,-0.07771,0.70816,0.8069,-0.53533,-0.35908,-0.39458,832732.0,4009.66667,43.5,272624.66667,564160.5,79782.33333,484378.16667,564160.5,564164.08333,0.99999,-4.01782,-1.11302,3.94805,2.73972,2.87353,0.45257,7.23071,5.60639,84518.16667,137504.75,679240.91667,1024045.58333,1076649.75,344804.66667,457218.0,52604.16667,1381642.0,1833467.75,1033603.83333,348038.25,201486.91667,146551.33333,1197110.08333,1479298.08333,1024057.0,173053.25,71440.91667,101612.25,184531.83333,354169.41667,9546.83333,174985.0,130046.0,44938.91667,717322.81913,8575280.0,0.35833
2020-01-01,Apartment buildings,,150.77322078841806,109.91852086474456,124.99525876446893,142.22038583371287,115.53647799526827,34141.0,76195.0,109376.0,163180.0,85914.0,9719.0,53804.0,744.0,-0.69546,-0.87833,-0.75567,-0.70925,0.3275,0.60598,-0.04733,-0.06596,0.16692,0.27665,-0.55033,-0.4345,-0.43472,900402.75,3994.0,4107.91667,234207.25,674297.41667,84439.5,589857.91667,674297.41667,674310.25,1.00003,3.45797,-33.14087,4.33762,2.28006,3.2386,-1.77847,15.56584,22.15925,87309.08333,92586.33333,708722.16667,1047381.0,1111524.75,338658.83333,528826.75,64143.75,1428423.08333,1902876.33333,1065628.0,362794.83333,214245.33333,148549.33333,1242597.5,1541248.16667,1055714.41667,186883.16667,83736.75,103146.5,185825.33333,361628.25,9913.58333,175911.58333,130508.58333,45402.91667,696040.50482,8638167.0,-0.73333
2020-01-01,Privately owned apartments,174.40251325600713,209.13017801147512,109.91852086474456,124.99525876446893,142.22038583371287,115.53647799526827,34141.0,76195.0,109376.0,163180.0,85914.0,9719.0,53804.0,744.0,-0.69546,-0.87833,-0.75567,-0.70925,0.3275,0.60598,-0.04733,-0.06596,0.16692,0.27665,-0.55033,-0.4345,-0.43472,900402.75,3994.0,4107.91667,234207.25,674297.41667,84439.5,589857.91667,674297.41667,674310.25,1.00003,3.45797,-33.14087,4.33762,2.28006,3.2386,-1.77847,15.56584,22.15925,87309.08333,92586.33333,708722.16667,1047381.0,1111524.75,338658.83333,528826.75,64143.75,1428423.08333,1902876.33333,1065628.0,362794.83333,214245.33333,148549.33333,1242597.5,1541248.16667,1055714.41667,186883.16667,83736.75,103146.5,185825.33333,361628.25,9913.58333,175911.58333,130508.58333,45402.91667,696040.50482,8638167.0,-0.73333
2020-01-01,Single-family houses,169.49554150234354,183.56148177496928,109.91852086474456,124.99525876446893,142.22038583371287,115.53647799526827,34141.0,76195.0,109376.0,163180.0,85914.0,9719.0,53804.0,744.0,-0.69546,-0.87833,-0.75567,-0.70925,0.3275,0.60598,-0.04733,-0.06596,0.16692,0.27665,-0.55033,-0.4345,-0.43472,900402.75,3994.0,4107.91667,234207.25,674297.41667,84439.5,589857.91667,674297.41667,674310.25,1.00003,3.45797,-33.14087,4.33762,2.28006,3.2386,-1.77847,15.56584,22.15925,87309.08333,92586.33333,708722.16667,1047381.0,1111524.75,338658.83333,528826.75,64143.75,1428423.08333,1902876.33333,1065628.0,362794.83333,214245.33333,148549.33333,1242597.5,1541248.16667,1055714.41667,186883.16667,83736.75,103146.5,185825.33333,361628.25,9913.58333,175911.58333,130508.58333,45402.91667,696040.50482,8638167.0,-0.73333
2021-01-01,Apartment buildings,,156.03480333650856,115.4727071218274,123.77740710981435,138.32147120757926,115.22064653298068,36994.0,71192.0,116769.0,165640.0,89644.0,18452.0,48871.0,1168.0,-0.71031,-0.84,-0.78208,-0.75863,0.0375,0.16001,-0.03342,-0.08553,0.06124,0.10374,-0.57408,-0.54767,-0.55856,1009690.33333,4001.75,110.75,288184.58333,725618.25,88283.91667,637334.33333,725618.25,725628.08333,0.99999,5.40153,-33.72181,6.74303,4.10398,3.99861,-1.41564,14.69622,2.29538,91919.66667,59378.0,756171.0,1090002.58333,1155584.08333,333831.58333,604873.33333,65581.5,1493693.33333,2029292.83333,1104645.08333,389048.5,236957.58333,152091.0,1290124.75,1622678.5,1093406.16667,196718.66667,93115.75,103602.66667,203568.83333,406614.41667,11239.0,192329.91667,143841.66667,48488.08333,744508.23823,8704546.0,0.58333
2021-01-01,Privately owned apartments,177.5982707962206,220.28378905054987,115.4727071218274,123.77740710981435,138.32147120757926,115.22064653298068,36994.0,71192.0,116769.0,165640.0,89644.0,18452.0,48871.0,1168.0,-0.71031,-0.84,-0.78208,-0.75863,0.0375,0.16001,-0.03342,-0.08553,0.06124,0.10374,-0.57408,-0.54767,-0.55856,1009690.33333,4001.75,110.75,288184.58333,725618.25,88283.91667,637334.33333,725618.25,725628.08333,0.99999,5.40153,-33.72181,6.74303,4.10398,3.99861,-1.41564,14.69622,2.29538,91919.66667,59378.0,756171.0,1090002.58333,1155584.08333,333831.58333,604873.33333,65581.5,1493693.33333,2029292.83333,1104645.08333,389048.5,236957.58333,152091.0,1290124.75,1622678.5,1093406.16667,196718.66667,93115.75,103602.66667,203568.83333,406614.41667,11239.0,192329.91667,143841.66667,48488.08333,744508.23823,8704546.0,0.58333
2021-01-01,Single-family houses,180.04779255947795,194.14597579386404,115.4727071218274,123.77740710981435,138.32147120757926,115.22064653298068,36994.0,71192.0,116769.0,165640.0,89644.0,18452.0,48871.0,1168.0,-0.71031,-0.84,-0.78208,-0.75863,0.0375,0.16001,-0.03342,-0.08553,0.06124,0.10374,-0.57408,-0.54767,-0.55856,1009690.33333,4001.75,110.75,288184.58333,725618.25,88283.91667,637334.33333,725618.25,725628.08333,0.99999,5.40153,-33.72181,6.74303,4.10398,3.99861,-1.41564,14.69622,2.29538,91919.66667,59378.0,756171.0,1090002.58333,1155584.08333,333831.58333,604873.33333,65581.5,1493693.33333,2029292.83333,1104645.08333,389048.5,236957.58333,152091.0,1290124.75,1622678.5,1093406.16667,196718.66667,93115.75,103602.66667,203568.83333,406614.41667,11239.0,192329.91667,143841.66667,48488.08333,744508.23823,8704546.0,0.58333
2022-01-01,Apartment buildings,,163.1589970178114,118.65766517678512,121.23697969909645,138.87250527075037,110.3093102091604,41486.0,74425.0,122123.0,190883.0,82371.0,7946.0,68760.0,-112.0,-0.14723,-0.3875,-0.15625,,1.80583,2.55452,-0.03558,-0.02273,1.48022,2.13407,0.07258,0.44692,,971964.33333,3740.91667,8215.0,277096.91667,706823.33333,87182.41667,619640.91667,706823.33333,706811.08333,0.99997,-4.04169,-61.06277,2.28743,-0.21332,0.29919,-5.83338,9.57015,8.91932,88214.91667,22830.0,773304.91667,1087635.66667,1159030.08333,314330.75,662260.0,71394.41667,1538040.08333,2101588.83333,1141245.58333,396794.41667,230067.58333,166726.83333,1330368.5,1683651.58333,1129828.25,200540.41667,92831.33333,107709.0,207671.66667,417937.25,11417.41667,196254.0,137236.33333,59017.91667,791105.94414,8777088.0,2.83333
2022-01-01,Privately owned apartments,181.86871692045045,233.14086268638036,118.65766517678512,121.23697969909645,138.87250527075037,110.3093102091604,41486.0,74425.0,122123.0,190883.0,82371.0,7946.0,68760.0,-112.0,-0.14723,-0.3875,-0.15625,,1.80583,2.55452,-0.03558,-0.02273,1.48022,2.13407,0.07258,0.44692,,971964.33333,3740.91667,8215.0,277096.91667,706823.33333,87182.41667,619640.91667,706823.33333,706811.08333,0.99997,-4.04169,-61.06277,2.28743,-0.21332,0.29919,-5.83338,9.57015,8.91932,88214.91667,22830.0,773304.91667,1087635.66667,1159030.08333,314330.75,662260.0,71394.41667,1538040.08333,2101588.83333,1141245.58333,396794.41667,230067.58333,166726.83333,1330368.5,1683651.58333,1129828.25,200540.41667,92831.33333,107709.0,207671.66667,417937.25,11417.41667,196254.0,137236.33333,59017.91667,791105.94414,8777088.0,2.83333
2022-01-01,Single-family houses,188.47185266585947,206.3123790362149,118.65766517678512,121.23697969909645,138.87250527075037,110.3093102091604,41486.0,74425.0,122123.0,190883.0,82371.0,7946.0,68760.0,-112.0,-0.14723,-0.3875,-0.15625,,1.80583,2.55452,-0.03558,-0.02273,1.48022,2.13407,0.07258,0.44692,,971964.33333,3740.91667,8215.0,277096.91667,706823.33333,87182.41667,619640.91667,706823.33333,706811.08333,0.99997,-4.04169,-61.06277,2.28743,-0.21332,0.29919,-5.83338,9.57015,8.91932,88214.91667,22830.0,773304.91667,1087635.66667,1159030.08333,314330.75,662260.0,71394.41667,1538040.08333,2101588.83333,1141245.58333,396794.41667,230067.58333,166726.83333,1330368.5,1683651.58333,1129828.25,200540.41667,92831.33333,107709.0,207671.66667,417937.25,11417.41667,196254.0,137236.33333,59017.91667,791105.94414,8777088.0,2.83333
2023-01-01,Apartment buildings,,159.04756312978492,117.25156031227009,118.59719644399934,142.71913077390045,111.54872278707906,41201.0,71822.0,123963.0,263081.0,80024.0,8202.0,139118.0,-447.0,1.50792,1.04833,1.48958,,5.05833,5.42976,-0.04467,,4.66088,5.02652,3.26475,3.49217,,806362.08333,3638.75,144.91667,246689.33333,563456.41667,76504.58333,486951.83333,563456.41667,563453.66667,0.99998,-14.14533,-16.66373,-13.64089,-10.22674,-1.44587,-1.78565,-13.40464,134.05885,75517.83333,19024.58333,667876.25,976559.5,1142251.25,308683.25,573333.83333,165691.75,1541624.5,2122889.41667,1174927.16667,366697.33333,202326.58333,164370.66667,1355061.0,1719758.41667,1163002.66667,192058.33333,87550.66667,104507.66667,186563.08333,403131.08333,11924.41667,174638.83333,114775.75,59863.0,804039.10442,8888093.0,2.15
2023-01-01,Privately owned apartments,187.65850070767328,240.2586942812037,117.25156031227009,118.59719644399934,142.71913077390045,111.54872278707906,41201.0,71822.0,123963.0,263081.0,80024.0,8202.0,139118.0,-447.0,1.50792,1.04833,1.48958,,5.05833,5.42976,-0.04467,,4.66088,5.02652,3.26475,3.49217,,806362.08333,3638.75,144.91667,246689.33333,563456.41667,76504.58333,486951.83333,563456.41667,563453.66667,0.99998,-14.14533,-16.66373,-13.64089,-10.22674,-1.44587,-1.78565,-13.40464,134.05885,75517.83333,19024.58333,667876.25,976559.5,1142251.25,308683.25,573333.83333,165691.75,1541624.5,2122889.41667,1174927.16667,366697.33333,202326.58333,164370.66667,1355061.0,1719758.41667,1163002.66667,192058.33333,87550.66667,104507.66667,186563.08333,403131.08333,11924.41667,174638.83333,114775.75,59863.0,804039.10442,8888093.0,2.15
2023-01-01,Single-family houses,189.89819161411992,213.81947780746748,117.25156031227009,118.59719644399934,142.71913077390045,111.54872278707906,41201.0,71822.0,123963.0,263081.0,80024.0,8202.0,139118.0,-447.0,1.50792,1.04833,1.48958,,5.05833,5.42976,-0.04467,,4.66088,5.02652,3.26475,3.49217,,806362.08333,3638.75,144.91667,246689.33333,563456.41667,76504.58333,486951.83333,563456.41667,563453.66667,0.99998,-14.14533,-16.66373,-13.64089,-10.22674,-1.44587,-1.78565,-13.40464,134.05885,75517.83333,19024.58333,667876.25,976559.5,1142251.25,308683.25,573333.83333,165691.75,1541624.5,2122889.41667,1174927.16667,366697.33333,202326.58333,164370.66667,1355061.0,1719758.41667,1163002.66667,192058.33333,87550.66667,104507.66667,186563.08333,403131.08333,11924.41667,174638.83333,114775.75,59863.0,804039.10442,8888093.0,2.15
2024-01-01,Apartment buildings,,163.7978187894646,119.40105881310106,117.90373068065152,149.40143243546873,111.64174481192049,,,,,,,,,1.22494,1.01417,1.08517,,5.13583,5.46078,0.12492,,5.05148,5.318,3.58808,3.51508,,810041.83333,3876.08333,0.0,284594.75,529323.16667,73261.58333,456061.58333,529323.16667,529324.5,0.99999,-3.77297,-9.25852,-8.72596,-4.6753,0.06771,4.16494,-9.33667,34.132,72642.66667,17224.41667,607392.5,928879.83333,1142861.58333,321487.33333,517525.41667,213981.75,1554914.08333,2142849.5,1202702.08333,352212.16667,187305.91667,164906.33333,1380506.41667,1749515.5,1190776.66667,189730.0,81572.75,108157.16667,174407.66667,393334.33333,11925.41667,162482.16667,105732.83333,56749.16667,,,1.05833
2024-01-01,Privately owned apartments,188.50189078876863,247.62149627339954,119.40105881310106,117.90373068065152,149.40143243546873,111.64174481192049,,,,,,,,,1.22494,1.01417,1.08517,,5.13583,5.46078,0.12492,,5.05148,5.318,3.58808,3.51508,,810041.83333,3876.08333,0.0,284594.75,529323.16667,73261.58333,456061.58333,529323.16667,529324.5,0.99999,-3.77297,-9.25852,-8.72596,-4.6753,0.06771,4.16494,-9.33667,34.132,72642.66667,17224.41667,607392.5,928879.83333,1142861.58333,321487.33333,517525.41667,213981.75,1554914.08333,2142849.5,1202702.08333,352212.16667,187305.91667,164906.33333,1380506.41667,1749515.5,1190776.66667,189730.0,81572.75,108157.16667,174407.66667,393334.33333,11925.41667,162482.16667,105732.83333,56749.16667,,,1.05833
2024-01-01,Single-family houses,191.5372613428599,220.90024262495595,119.40105881310106,117.90373068065152,149.40143243546873,111.64174481192049,,,,,,,,,1.22494,1.01417,1.08517,,5.13583,5.46078,0.12492,,5.05148,5.318,3.58808,3.51508,,810041.83333,3876.08333,0.0,284594.75,529323.16667,73261.58333,456061.58333,529323.16667,529324.5,0.99999,-3.77297,-9.25852,-8.72596,-4.6753,0.06771,4.16494,-9.33667,34.132,72642.66667,17224.41667,607392.5,928879.83333,1142861.58333,321487.33333,517525.41667,213981.75,1554914.08333,2142849.5,1202702.08333,352212.16667,187305.91667,164906.33333,1380506.41667,1749515.5,1190776.66667,189730.0,81572.75,108157.16667,174407.66667,393334.33333,11925.41667,162482.16667,105732.83333,56749.16667,,,1.05833
