,date,target_appartments_asking_price,target_appartments_transaction_price,target_houses_asking_price,target_houses_transaction_price,M3_supply_lag1,M3_supply_lag2,M3_supply_lag3,acquisition_ch_citizenship_lag1,acquisition_ch_citizenship_lag2,acquisition_ch_citizenship_lag3,average_call_money_rate_lag1,average_call_money_rate_lag2,average_call_money_rate_lag3,banknotes_in_circulation_lag1,banknotes_in_circulation_lag2,banknotes_in_circulation_lag3,ch_net_migration_lag1,ch_net_migration_lag2,ch_net_migration_lag3,currency_in_circulation_lag1,currency_in_circulation_lag2,currency_in_circulation_lag3,deposits_in_transaction_accounts_lag1,deposits_in_transaction_accounts_lag2,deposits_in_transaction_accounts_lag3,gpd_lag1,gpd_lag2,gpd_lag3,inflation_lag1,inflation_lag2,inflation_lag3,money_origin_foreign_currency_position_lag1,money_origin_foreign_currency_position_lag2,money_origin_foreign_currency_position_lag3,money_origin_monetary_base_lag1,money_origin_monetary_base_lag2,money_origin_monetary_base_lag3,money_origin_money_market_transactions_lag1,money_origin_money_market_transactions_lag2,money_origin_money_market_transactions_lag3,money_origin_other_lag1,money_origin_other_lag2,money_origin_other_lag3,money_origin_securities_portfolio_lag1,money_origin_securities_portfolio_lag2,money_origin_securities_portfolio_lag3,pop_natural_change_lag1,pop_natural_change_lag2,pop_natural_change_lag3,population_lag1,population_lag2,population_lag3,rents_houses_lag1,rents_houses_lag2,rents_houses_lag3,rents_industrial_commercial_lag1,rents_industrial_commercial_lag2,rents_industrial_commercial_lag3,rents_office_lag1,rents_office_lag2,rents_office_lag3,rents_retail_lag1,rents_retail_lag2,rents_retail_lag3,sight_deposits_banks_lag1,sight_deposits_banks_lag2,sight_deposits_banks_lag3,swiss_banks_mortgage_loans_lag1,swiss_banks_mortgage_loans_lag2,swiss_banks_mortgage_loans_lag3,swiss_banks_total_loans_lag1,swiss_banks_total_loans_lag2,swiss_banks_total_loans_lag3,target_appartments_asking_price_lag1,target_appartments_asking_price_lag2,target_appartments_asking_price_lag3,target_appartments_transaction_price_lag1,target_appartments_transaction_price_lag2,target_appartments_transaction_price_lag3,target_houses_asking_price_lag1,target_houses_asking_price_lag2,target_houses_asking_price_lag3,target_houses_transaction_price_lag1,target_houses_transaction_price_lag2,target_houses_transaction_price_lag3
124,1985-01-01,83.91257986236178,86.54476054772083,87.82903142722017,78.78349326270752,252995.0,252995.0,252995.0,11850.0,11831.0,12723.0,1.56771,1.35938,1.125,23262.75,22773.91667,22063.5,11955.0,5217.0,21097.0,23749.0,23749.0,23749.0,27320.0,27320.0,27320.0,273724.4893107712,263774.08887883276,254672.7108046785,2.94167,2.1,2.1,42478.5,39412.33333,35414.08333,31088.83333,30322.91667,29165.75,965.91667,831.91667,819.41667,14024.75,11339.83333,8191.33333,1669.16667,1418.5,1123.58333,16108.0,12903.0,15712.0,6441865.0,6418773.0,6391309.0,80.21127989612067,77.55089574113954,74.62977173810108,79.20105876652961,78.78035106046293,68.5925561974991,82.94216055208834,82.61854878094466,76.00578134339247,101.40053430545615,93.91861924458846,84.20068332611858,7826.08333,7549.0,7102.25,184690.81353,184690.81353,184690.81353,326452.29433,326452.29433,326452.29433,79.54162278440026,74.43078827897327,70.92685018755742,80.97221541627874,79.9431567599353,73.014161807223,83.74040803108427,79.30613684894655,76.12850594913493,73.6041214491855,68.66219858325184,63.796598850382814
125,1986-01-01,88.45578138362613,89.83859236272689,93.09401186699965,80.46745047106553,258263.25,252995.0,252995.0,14393.0,11850.0,11831.0,0.72396,1.56771,1.35938,23625.91667,23262.75,22773.91667,13837.0,11955.0,5217.0,22120.58333,23749.0,23749.0,28907.66667,27320.0,27320.0,286580.1679346077,276465.3177936934,267168.12967368215,3.43333,2.94167,2.1,48431.16667,42478.5,39412.33333,31716.08333,31088.83333,30322.91667,1043.33333,965.91667,831.91667,19590.16667,14024.75,11339.83333,1831.75,1669.16667,1418.5,15101.0,16108.0,12903.0,6470365.0,6441865.0,6418773.0,84.1045599283804,80.21127989612067,77.55089574113954,79.01786916192763,79.20105876652961,78.78035106046293,83.20665218222406,82.94216055208834,82.61854878094466,105.38863888724008,101.40053430545615,93.91861924458846,8090.16667,7826.08333,7549.0,184690.81353,184690.81353,184690.81353,326452.29433,326452.29433,326452.29433,83.91257986236178,79.54162278440026,74.43078827897327,86.54476054772083,80.97221541627874,79.9431567599353,87.82903142722017,83.74040803108427,79.30613684894655,78.78349326270752,73.6041214491855,68.66219858325184
126,1987-01-01,96.10660342522728,92.9139252758251,99.36901453189067,83.24760174684938,275248.08333,258263.25,252995.0,14416.0,14393.0,11850.0,1.08333,0.72396,1.56771,23951.41667,23625.91667,23262.75,22364.0,13837.0,11955.0,22393.5,22120.58333,23749.0,32005.0,28907.66667,27320.0,299435.8465584442,289156.54670855403,279663.5485426858,0.75,3.43333,2.94167,47527.5,48431.16667,42478.5,32248.25,31716.08333,31088.83333,961.5,1043.33333,965.91667,18224.66667,19590.16667,14024.75,1983.91667,1831.75,1669.16667,16215.0,15101.0,16108.0,6504124.0,6470365.0,6441865.0,86.14829104646995,84.1045599283804,80.21127989612067,78.99182117774996,79.01786916192763,79.20105876652961,95.45679553856252,83.20665218222406,82.94216055208834,107.49890792385462,105.38863888724008,101.40053430545615,8296.83333,8090.16667,7826.08333,198934.41002,184690.81353,184690.81353,346022.90337,326452.29433,326452.29433,88.45578138362613,83.91257986236178,79.54162278440026,89.83859236272689,86.54476054772083,80.97221541627874,93.09401186699965,87.82903142722017,83.74040803108427,80.46745047106553,78.78349326270752,73.6041214491855
127,1988-01-01,106.53214174259338,100.46040642223606,114.24955392081826,87.39532608173495,300854.75,275248.08333,258263.25,12370.0,14416.0,14393.0,1.64062,1.08333,0.72396,24784.83333,23951.41667,23625.91667,26392.0,22364.0,13837.0,22991.16667,22393.5,22120.58333,36555.08333,32005.0,28907.66667,312291.52518227696,301847.77562341094,292158.96741168573,1.45833,0.75,3.43333,45955.33333,47527.5,48431.16667,33432.08333,32248.25,31716.08333,958.66667,961.5,1043.33333,15600.5,18224.66667,19590.16667,2118.58333,1983.91667,1831.75,16994.0,16215.0,15101.0,6545106.0,6504124.0,6470365.0,91.855077123112,86.14829104646995,84.1045599283804,93.11317619830993,78.99182117774996,79.01786916192763,98.9773342171259,95.45679553856252,83.20665218222406,125.20274563576146,107.49890792385462,105.38863888724008,8647.25,8296.83333,8090.16667,220442.46006,198934.41002,184690.81353,375319.79601,346022.90337,326452.29433,96.10660342522728,88.45578138362613,83.91257986236178,92.9139252758251,89.83859236272689,86.54476054772083,99.36901453189067,93.09401186699965,87.82903142722017,83.24760174684938,80.46745047106553,78.78349326270752
128,1989-01-01,117.15313963850049,108.07143549151704,128.8240780651759,96.11880157258838,329694.66667,300854.75,275248.08333,11356.0,12370.0,14416.0,2.57292,1.64062,1.08333,25818.91667,24784.83333,23951.41667,33477.0,26392.0,22364.0,24141.08333,22991.16667,22393.5,41077.25,36555.08333,32005.0,325147.20380611345,314539.0045382716,304654.3862806894,1.88333,1.45833,0.75,43325.33333,45955.33333,47527.5,31485.83333,33432.08333,32248.25,135.41667,958.66667,961.5,14292.58333,15600.5,18224.66667,2317.66667,2118.58333,1983.91667,19697.0,16994.0,16215.0,6593386.0,6545106.0,6504124.0,102.30838358623846,91.855077123112,86.14829104646995,99.29921804787267,93.11317619830993,78.99182117774996,108.20556852452428,98.9773342171259,95.45679553856252,133.70832533680843,125.20274563576146,107.49890792385462,5666.91667,8647.25,8296.83333,247768.97916,220442.46006,198934.41002,417393.34659,375319.79601,346022.90337,106.53214174259338,96.10660342522728,88.45578138362613,100.46040642223606,92.9139252758251,89.83859236272689,114.24955392081826,99.36901453189067,93.09401186699965,87.39532608173495,83.24760174684938,80.46745047106553
129,1990-01-01,122.83717157788755,111.50895247303212,128.46662031962106,101.97757411195596,349184.08333,329694.66667,300854.75,10342.0,11356.0,12370.0,6.82812,2.57292,1.64062,26437.83333,25818.91667,24784.83333,33579.0,33477.0,26392.0,24686.16667,24141.08333,22991.16667,40503.25,41077.25,36555.08333,338002.8824299462,327230.2334531322,317149.80514969304,3.15,1.88333,1.45833,44510.08333,43325.33333,45955.33333,29925.08333,31485.83333,33432.08333,781.66667,135.41667,958.66667,17869.66667,14292.58333,15600.5,2503.0,2317.66667,2118.58333,20298.0,19697.0,16994.0,6646912.0,6593386.0,6545106.0,116.30808853723289,102.30838358623846,91.855077123112,104.78555641975701,99.29921804787267,93.11317619830993,117.45447262234782,108.20556852452428,98.9773342171259,141.6013466639265,133.70832533680843,125.20274563576146,3487.25,5666.91667,8647.25,282922.38214,247768.97916,220442.46006,476823.79185,417393.34659,375319.79601,117.15313963850049,106.53214174259338,96.10660342522728,108.07143549151704,100.46040642223606,92.9139252758251,128.8240780651759,114.24955392081826,99.36901453189067,96.11880157258838,87.39532608173495,83.24760174684938
130,1991-01-01,121.84542909791378,113.04117009808247,126.3454365806113,103.9867450382451,356082.75,349184.08333,329694.66667,8658.0,10342.0,11356.0,8.23958,6.82812,2.57292,25880.25,26437.83333,25818.91667,56643.0,33579.0,33477.0,24211.33333,24686.16667,24141.08333,37795.5,40503.25,41077.25,369392.22121,339921.4623679891,329645.2240186967,5.41667,3.15,1.88333,47016.41667,44510.08333,43325.33333,28898.33333,29925.08333,31485.83333,775.75,781.66667,135.41667,21603.41667,17869.66667,14292.58333,2709.58333,2503.0,2317.66667,20200.0,20298.0,19697.0,6715519.0,6646912.0,6593386.0,137.73712860820606,116.30808853723289,102.30838358623846,117.0467784749264,104.78555641975701,99.29921804787267,134.68370116289924,117.45447262234782,108.20556852452428,163.074885855949,141.6013466639265,133.70832533680843,3018.08333,3487.25,5666.91667,314683.63876,282922.38214,247768.97916,526293.82778,476823.79185,417393.34659,122.83717157788755,117.15313963850049,106.53214174259338,111.50895247303212,108.07143549151704,100.46040642223606,128.46662031962106,128.8240780651759,114.24955392081826,101.97757411195596,96.11880157258838,87.39532608173495
131,1992-01-01,116.64363968792016,113.57734244640547,120.78477163249595,102.93881601734874,365565.33333,356082.75,349184.08333,8757.0,8658.0,10342.0,7.70833,8.23958,6.82812,26441.5,25880.25,26437.83333,61440.0,56643.0,33579.0,24852.0,24211.33333,24686.16667,39057.16667,37795.5,40503.25,385747.93824,369392.22121,342140.64288770035,5.875,5.41667,3.15,45776.0,47016.41667,44510.08333,29273.58333,28898.33333,29925.08333,605.66667,775.75,781.66667,19937.16667,21603.41667,17869.66667,2829.08333,2709.58333,2503.0,23566.0,20200.0,20298.0,6799978.0,6715519.0,6646912.0,155.3151217028947,137.73712860820606,116.30808853723289,127.25482508209835,117.0467784749264,104.78555641975701,136.1126778897326,134.68370116289924,117.45447262234782,142.79582820722746,163.074885855949,141.6013466639265,2832.08333,3018.08333,3487.25,334824.86181,314683.63876,282922.38214,561927.8289,526293.82778,476823.79185,121.84542909791378,122.83717157788755,117.15313963850049,113.04117009808247,111.50895247303212,108.07143549151704,126.3454365806113,128.46662031962106,128.8240780651759,103.9867450382451,101.97757411195596,96.11880157258838
132,1993-01-01,111.8897697069962,112.63156784773481,114.53812637446335,101.4642865087006,373230.16667,365565.33333,356082.75,11208.0,8757.0,8658.0,7.69792,7.70833,8.23958,26466.75,26441.5,25880.25,40156.0,61440.0,56643.0,24938.75,24852.0,24211.33333,41385.25,39057.16667,37795.5,393408.66854,385747.93824,369392.22121,4.05833,5.875,5.41667,50008.58333,45776.0,47016.41667,29019.75,29273.58333,28898.33333,689.75,605.66667,775.75,24593.33333,19937.16667,21603.41667,2914.75,2829.08333,2709.58333,24608.0,23566.0,20200.0,6875364.0,6799978.0,6715519.0,157.06972104657518,155.3151217028947,137.73712860820606,121.06812457342629,127.25482508209835,117.0467784749264,123.56631100281234,136.1126778897326,134.68370116289924,141.85566305992398,142.79582820722746,163.074885855949,2553.0,2832.08333,3018.08333,350638.96122,334824.86181,314683.63876,582180.04327,561927.8289,526293.82778,116.64363968792016,121.84542909791378,122.83717157788755,113.57734244640547,113.04117009808247,111.50895247303212,120.78477163249595,126.3454365806113,128.46662031962106,102.93881601734874,103.9867450382451,101.97757411195596
133,1994-01-01,111.52506561540223,111.75270355610023,114.44994831681802,101.10786924224676,387923.25,373230.16667,365565.33333,12928.0,11208.0,8757.0,4.97917,7.69792,7.70833,26871.41667,26466.75,26441.5,39512.0,40156.0,61440.0,25348.0,24938.75,24852.0,46615.58333,41385.25,39057.16667,401920.59908,393408.66854,385747.93824,3.29167,4.05833,5.875,56613.41667,50008.58333,45776.0,29525.08333,29019.75,29273.58333,1176.5,689.75,605.66667,31251.33333,24593.33333,19937.16667,2986.5,2914.75,2829.08333,21250.0,24608.0,23566.0,6938265.0,6875364.0,6799978.0,142.9875679064724,157.06972104657518,155.3151217028947,115.32444389436552,121.06812457342629,127.25482508209835,114.96135023275889,123.56631100281234,136.1126778897326,122.41734172327784,141.85566305992398,142.79582820722746,2653.66667,2553.0,2832.08333,362704.87351,350638.96122,334824.86181,595409.07569,582180.04327,561927.8289,111.8897697069962,116.64363968792016,121.84542909791378,112.63156784773481,113.57734244640547,113.04117009808247,114.53812637446335,120.78477163249595,126.3454365806113,101.4642865087006,102.93881601734874,103.9867450382451
134,1995-01-01,108.31094935539774,109.565881771874,109.99214710805201,101.15597700428795,407706.08333,387923.25,373230.16667,13757.0,12928.0,11208.0,3.90625,4.97917,7.69792,27369.33333,26871.41667,26466.75,30883.0,39512.0,40156.0,25789.16667,25348.0,24938.75,48983.33333,46615.58333,41385.25,412011.52121,401920.59908,393408.66854,0.85,3.29167,4.05833,57883.25,56613.41667,50008.58333,30050.5,29525.08333,29019.75,1481.25,1176.5,689.75,32376.83333,31251.33333,24593.33333,3062.83333,2986.5,2914.75,20993.0,21250.0,24608.0,6993795.0,6938265.0,6875364.0,130.41559776445158,142.9875679064724,157.06972104657518,113.6698565936612,115.32444389436552,121.06812457342629,107.47909021095066,114.96135023275889,123.56631100281234,113.6425551742079,122.41734172327784,141.85566305992398,2681.16667,2653.66667,2553.0,376615.64498,362704.87351,350638.96122,608783.42321,595409.07569,582180.04327,111.52506561540223,111.8897697069962,116.64363968792016,111.75270355610023,112.63156784773481,113.57734244640547,114.44994831681802,114.53812637446335,120.78477163249595,101.10786924224676,101.4642865087006,102.93881601734874
135,1996-01-01,104.50111465597618,107.47249416339429,103.69988192305144,98.15503410347351,416682.66667,407706.08333,387923.25,16795.0,13757.0,12928.0,2.75521,3.90625,4.97917,27572.58333,27369.33333,26871.41667,14458.0,30883.0,39512.0,26021.16667,25789.16667,25348.0,54141.0,48983.33333,46615.58333,417529.12955,412011.52121,401920.59908,1.8,0.85,3.29167,54312.5,57883.25,56613.41667,30146.58333,30050.5,29525.08333,1712.75,1481.25,1176.5,28943.16667,32376.83333,31251.33333,3064.5,3062.83333,2986.5,18816.0,20993.0,21250.0,7040687.0,6993795.0,6938265.0,122.9187730030811,130.41559776445158,142.9875679064724,116.27119164373075,113.6698565936612,115.32444389436552,103.7570537045917,107.47909021095066,114.96135023275889,115.81345629397133,113.6425551742079,122.41734172327784,2574.0,2681.16667,2653.66667,392614.38715,376615.64498,362704.87351,614465.47164,608783.42321,595409.07569,108.31094935539774,111.52506561540223,111.8897697069962,109.565881771874,111.75270355610023,112.63156784773481,109.99214710805201,114.44994831681802,114.53812637446335,101.15597700428795,101.10786924224676,101.4642865087006
136,1997-01-01,99.75544249788493,104.10153582209348,100.09309133984463,96.4392221810147,445483.83333,416682.66667,407706.08333,19375.0,16795.0,13757.0,1.6875,2.75521,3.90625,28221.16667,27572.58333,27369.33333,-5807.0,14458.0,30883.0,26703.58333,26021.16667,25789.16667,60286.66667,54141.0,48983.33333,420537.7386,417529.12955,412011.52121,0.80833,1.8,0.85,52218.0,54312.5,57883.25,31156.91667,30146.58333,30050.5,1730.08333,1712.75,1481.25,25819.91667,28943.16667,32376.83333,3028.75,3064.5,3062.83333,20370.0,18816.0,20993.0,7071850.0,7040687.0,6993795.0,112.67227188568813,122.9187730030811,130.41559776445158,101.72086481412414,116.27119164373075,113.6698565936612,101.64099504734885,103.7570537045917,107.47909021095066,109.88456656347894,115.81345629397133,113.6425551742079,2935.75,2574.0,2681.16667,408669.7682,392614.38715,376615.64498,626203.4869,614465.47164,608783.42321,104.50111465597618,108.31094935539774,111.52506561540223,107.47249416339429,109.565881771874,111.75270355610023,103.69988192305144,109.99214710805201,114.44994831681802,98.15503410347351,101.15597700428795,101.10786924224676
137,1998-01-01,98.40839340524208,102.15156646294152,99.22895887987863,96.08532281874572,468179.0,445483.83333,416682.66667,19169.0,19375.0,16795.0,1.24479,1.6875,2.75521,29003.5,28221.16667,27572.58333,-6834.0,-5807.0,14458.0,27568.58333,26703.58333,26021.16667,64579.0,60286.66667,54141.0,427876.24593,420537.7386,417529.12955,0.51667,0.80833,1.8,62157.75,52218.0,54312.5,32716.58333,31156.91667,30146.58333,1552.08333,1730.08333,1712.75,35869.83333,25819.91667,28943.16667,4876.58333,3028.75,3064.5,17745.0,20370.0,18816.0,7088906.0,7071850.0,7040687.0,106.38426078698546,112.67227188568813,122.9187730030811,98.4086590387402,101.72086481412414,116.27119164373075,98.74199366732793,101.64099504734885,103.7570537045917,103.28566743234265,109.88456656347894,115.81345629397133,3713.08333,2935.75,2574.0,421671.72272,408669.7682,392614.38715,640961.21181,626203.4869,614465.47164,99.75544249788493,104.50111465597618,108.31094935539774,104.10153582209348,107.47249416339429,109.565881771874,100.09309133984463,103.69988192305144,109.99214710805201,96.4392221810147,98.15503410347351,101.15597700428795
138,1999-01-01,98.5334622454248,99.71342424208608,99.08164045177773,97.16649271281163,473688.33333,468179.0,445483.83333,21279.0,19169.0,19375.0,1.21875,1.24479,1.6875,29564.75,29003.5,28221.16667,1177.0,-6834.0,-5807.0,27961.91667,27568.58333,26703.58333,68751.75,64579.0,60286.66667,439633.46241,427876.24593,420537.7386,0.01667,0.51667,0.80833,64298.25,62157.75,52218.0,33627.75,32716.58333,31156.91667,7326.5,1552.08333,1730.08333,42957.66667,35869.83333,25819.91667,4960.66667,4876.58333,3028.75,16380.0,17745.0,20370.0,7110001.0,7088906.0,7071850.0,102.03955865711056,106.38426078698546,112.67227188568813,97.25347125605953,98.4086590387402,101.72086481412414,96.65350093877673,98.74199366732793,101.64099504734885,96.70942258865624,103.28566743234265,109.88456656347894,4063.0,3713.08333,2935.75,433002.66667,421671.72272,408669.7682,649463.08333,640961.21181,626203.4869,98.40839340524208,99.75544249788493,104.50111465597618,102.15156646294152,104.10153582209348,107.47249416339429,99.22895887987863,100.09309133984463,103.69988192305144,96.08532281874572,96.4392221810147,98.15503410347351
139,2000-01-01,100.0,100.0,100.0,100.0,479797.25,473688.33333,468179.0,20363.0,21279.0,19169.0,0.94531,1.21875,1.24479,30810.16667,29564.75,29003.5,16149.0,1177.0,-6834.0,28915.16667,27961.91667,27568.58333,73595.08333,68751.75,64579.0,447010.87261,439633.46241,427876.24593,0.80833,0.01667,0.51667,66065.33333,64298.25,62157.75,34499.66667,33627.75,32716.58333,16874.25,7326.5,1552.08333,53358.41667,42957.66667,35869.83333,4918.5,4960.66667,4876.58333,15905.0,16380.0,17745.0,7143991.0,7110001.0,7088906.0,99.73256511414866,102.03955865711056,106.38426078698546,99.00509355975244,97.25347125605953,98.4086590387402,96.96563276267345,96.65350093877673,98.74199366732793,94.01391933851436,96.70942258865624,103.28566743234265,3689.5,4063.0,3713.08333,448365.0,433002.66667,421671.72272,679329.83333,649463.08333,640961.21181,98.5334622454248,98.40839340524208,99.75544249788493,99.71342424208608,102.15156646294152,104.10153582209348,99.08164045177773,99.22895887987863,100.09309133984463,97.16649271281163,96.08532281874572,96.4392221810147
140,2001-01-01,104.29728972343595,101.5038543253528,101.92728465391963,102.556347698754,472590.0,479797.25,473688.33333,28700.0,20363.0,21279.0,2.79021,0.94531,1.21875,31550.25,30810.16667,29564.75,20224.0,16149.0,1177.0,29599.08333,28915.16667,27961.91667,73901.0,73595.08333,68751.75,471707.25335,447010.87261,439633.46241,1.55,0.80833,0.01667,80716.0,66065.33333,64298.25,34796.66667,34499.66667,33627.75,19312.83333,16874.25,7326.5,70202.41667,53358.41667,42957.66667,4970.25,4918.5,4960.66667,15930.0,15905.0,16380.0,7184250.0,7143991.0,7110001.0,100.0,99.73256511414866,102.03955865711056,100.0,99.00509355975244,97.25347125605953,100.0,96.96563276267345,96.65350093877673,100.0,94.01391933851436,96.70942258865624,3246.41667,3689.5,4063.0,451080.08333,448365.0,433002.66667,703835.25,679329.83333,649463.08333,100.0,98.5334622454248,98.40839340524208,100.0,99.71342424208608,102.15156646294152,100.0,99.08164045177773,99.22895887987863,100.0,97.16649271281163,96.08532281874572
141,2002-01-01,112.4007867833266,102.72078624067764,106.64691797315835,101.46541843587896,487605.66667,472590.0,479797.25,27583.0,28700.0,20363.0,2.85083,2.79021,0.94531,33047.08333,31550.25,30810.16667,41843.0,20224.0,16149.0,31119.0,29599.08333,28915.16667,75067.33333,73901.0,73595.08333,483978.42518,471707.25335,447010.87261,1.00833,1.55,0.80833,87556.25,80716.0,66065.33333,36298.91667,34796.66667,34499.66667,17487.16667,19312.83333,16874.25,74491.5,70202.41667,53358.41667,5747.0,4970.25,4918.5,11067.0,15930.0,15905.0,7229854.0,7184250.0,7143991.0,101.83568360450961,100.0,99.73256511414866,98.10294653363407,100.0,99.00509355975244,104.80127850628548,100.0,96.96563276267345,99.33741061474657,100.0,94.01391933851436,3251.83333,3246.41667,3689.5,453290.83333,451080.08333,448365.0,715805.83333,703835.25,679329.83333,104.29728972343595,100.0,98.5334622454248,101.5038543253528,100.0,99.71342424208608,101.92728465391963,100.0,99.08164045177773,102.556347698754,100.0,97.16649271281163
142,2003-01-01,119.4837963452525,105.50710448815681,109.8273951457238,103.0928800848385,508241.58333,487605.66667,472590.0,36515.0,27583.0,28700.0,0.9525,2.85083,2.79021,35125.5,33047.08333,31550.25,48921.0,41843.0,20224.0,32790.16667,31119.0,29599.08333,80951.58333,75067.33333,73901.0,482509.49014,483978.42518,471707.25335,0.63333,1.00833,1.55,86458.91667,87556.25,80716.0,38383.66667,36298.91667,34796.66667,21581.58333,17487.16667,19312.83333,76052.5,74491.5,70202.41667,6395.66667,5747.0,4970.25,10604.0,11067.0,15930.0,7284753.0,7229854.0,7184250.0,105.40160017935169,101.83568360450961,100.0,99.7068695255227,98.10294653363407,100.0,106.64583984395549,104.80127850628548,100.0,103.66350187888902,99.33741061474657,100.0,3258.16667,3251.83333,3246.41667,470501.66667,453290.83333,451080.08333,713615.58333,715805.83333,703835.25,112.4007867833266,104.29728972343595,100.0,102.72078624067764,101.5038543253528,100.0,106.64691797315835,101.92728465391963,100.0,101.46541843587896,102.556347698754,100.0
143,2004-01-01,122.51564526921092,109.6076464564208,112.42439345829396,104.8097385381745,552156.91667,508241.58333,487605.66667,35424.0,36515.0,27583.0,0.17083,0.9525,2.85083,35662.58333,35125.5,33047.08333,43027.0,48921.0,41843.0,33207.08333,32790.16667,31119.0,90186.66667,80951.58333,75067.33333,487659.86504,482509.49014,483978.42518,0.625,0.63333,1.00833,85814.33333,86458.91667,87556.25,40412.33333,38383.66667,36298.91667,23204.25,21581.58333,17487.16667,76026.08333,76052.5,74491.5,7419.83333,6395.66667,5747.0,8778.0,10604.0,11067.0,7339001.0,7284753.0,7229854.0,108.82208243036709,105.40160017935169,101.83568360450961,103.539456977442,99.7068695255227,98.10294653363407,106.0919773431491,106.64583984395549,104.80127850628548,104.95341430771259,103.66350187888902,99.33741061474657,4749.75,3258.16667,3251.83333,488054.41667,470501.66667,453290.83333,707317.25,713615.58333,715805.83333,119.4837963452525,112.4007867833266,104.29728972343595,105.50710448815681,102.72078624067764,101.5038543253528,109.8273951457238,106.64691797315835,101.92728465391963,103.0928800848385,101.46541843587896,102.556347698754
144,2005-01-01,125.22696492026614,113.31855684677434,113.6337473821883,107.87792419901382,572835.41667,552156.91667,508241.58333,35685.0,35424.0,36515.0,0.2825,0.17083,0.9525,36263.91667,35662.58333,35125.5,40462.0,43027.0,48921.0,33687.08333,33207.08333,32790.16667,93047.16667,90186.66667,80951.58333,501701.46634,487659.86504,482509.49014,0.8,0.625,0.63333,86848.83333,85814.33333,86458.91667,41708.0,40412.33333,38383.66667,22119.41667,23204.25,21581.58333,74839.83333,76026.08333,76052.5,7579.58333,7419.83333,6395.66667,12902.0,8778.0,10604.0,7389625.0,7339001.0,7284753.0,112.5591306155973,108.82208243036709,105.40160017935169,103.26578428703017,103.539456977442,99.7068695255227,106.49412787941095,106.0919773431491,106.64583984395549,107.75426860287168,104.95341430771259,103.66350187888902,5444.08333,4749.75,3258.16667,508310.08333,488054.41667,470501.66667,733775.16667,707317.25,713615.58333,122.51564526921092,119.4837963452525,112.4007867833266,109.6076464564208,105.50710448815681,102.72078624067764,112.42439345829396,109.8273951457238,106.64691797315835,104.8097385381745,103.0928800848385,101.46541843587896
145,2006-01-01,126.99066944830034,120.0759828258568,116.45865743403832,113.34267726709281,598483.75,572835.41667,552156.91667,38437.0,35685.0,35424.0,0.635,0.2825,0.17083,37061.66667,36263.91667,35662.58333,36180.0,40462.0,43027.0,34409.08333,33687.08333,33207.08333,96550.75,93047.16667,90186.66667,520819.42618,501701.46634,487659.86504,1.175,0.8,0.625,77276.0,86848.83333,85814.33333,41871.41667,41708.0,40412.33333,21014.0,22119.41667,23204.25,62364.5,74839.83333,76026.08333,5945.91667,7579.58333,7419.83333,11779.0,12902.0,8778.0,7437115.0,7389625.0,7339001.0,116.84349312340095,112.5591306155973,108.82208243036709,103.80975892923531,103.26578428703017,103.539456977442,106.88310246758013,106.49412787941095,106.0919773431491,104.88059386313597,107.75426860287168,104.95341430771259,4809.75,5444.08333,4749.75,537468.91667,508310.08333,488054.41667,778301.75,733775.16667,707317.25,125.22696492026614,122.51564526921092,119.4837963452525,113.31855684677434,109.6076464564208,105.50710448815681,113.6337473821883,112.42439345829396,109.8273951457238,107.87792419901382,104.8097385381745,103.0928800848385
146,2007-01-01,130.15611776197932,129.14549633619524,118.85988892271129,120.44622740048639,614317.16667,598483.75,572835.41667,46711.0,38437.0,35685.0,1.33167,0.635,0.2825,38110.08333,37061.66667,36263.91667,39368.0,36180.0,40462.0,35235.25,34409.08333,33687.08333,97889.0,96550.75,93047.16667,554078.31005,520819.42618,501701.46634,1.075,1.175,0.8,76349.0,77276.0,86848.83333,43123.66667,41871.41667,41708.0,20786.33333,21014.0,22119.41667,59270.41667,62364.5,74839.83333,5258.75,5945.91667,7579.58333,13088.0,11779.0,12902.0,7483934.0,7437115.0,7389625.0,120.65254049014216,116.84349312340095,112.5591306155973,104.80639543977111,103.80975892923531,103.26578428703017,107.70811710257253,106.88310246758013,106.49412787941095,107.2002993571972,104.88059386313597,107.75426860287168,5013.58333,4809.75,5444.08333,580605.66667,537468.91667,508310.08333,842881.58333,778301.75,733775.16667,126.99066944830034,125.22696492026614,122.51564526921092,120.0759828258568,113.31855684677434,109.6076464564208,116.45865743403832,113.6337473821883,112.42439345829396,113.34267726709281,107.87792419901382,104.8097385381745
147,2008-01-01,135.5107307006537,136.56189468256193,122.05189619332815,127.3131196224142,629196.41667,614317.16667,598483.75,43889.0,46711.0,38437.0,2.165,1.33167,0.635,38943.16667,38110.08333,37061.66667,75459.0,39368.0,36180.0,35955.75,35235.25,34409.08333,92163.91667,97889.0,96550.75,589474.12521,554078.31005,520819.42618,0.73333,1.075,1.175,80326.91667,76349.0,77276.0,44197.75,43123.66667,41871.41667,21748.91667,20786.33333,21014.0,62344.58333,59270.41667,62364.5,4466.5,5258.75,5945.91667,13405.0,13088.0,11779.0,7551117.0,7483934.0,7437115.0,123.73518946777058,120.65254049014216,116.84349312340095,108.29187173896004,104.80639543977111,103.80975892923531,107.14810291323266,107.70811710257253,106.88310246758013,106.8057709731714,107.2002993571972,104.88059386313597,5254.58333,5013.58333,4809.75,645742.16667,580605.66667,537468.91667,951046.25,842881.58333,778301.75,130.15611776197932,126.99066944830034,125.22696492026614,129.14549633619524,120.0759828258568,113.31855684677434,118.85988892271129,116.45865743403832,113.6337473821883,120.44622740048639,113.34267726709281,107.87792419901382
148,2009-01-01,144.2114783102576,140.57034502096158,128.2039769040978,128.86389811463042,645677.0,629196.41667,614317.16667,44365.0,43889.0,46711.0,1.5775,2.165,1.33167,41306.16667,38943.16667,38110.08333,98167.0,75459.0,39368.0,37502.91667,35955.75,35235.25,91018.58333,92163.91667,97889.0,614039.78268,589474.12521,554078.31005,2.43333,0.73333,1.075,82597.16667,80326.91667,76349.0,49561.91667,44197.75,43123.66667,33197.41667,21748.91667,20786.33333,70005.16667,62344.58333,59270.41667,3772.5,4466.5,5258.75,15458.0,13405.0,13088.0,7647675.0,7551117.0,7483934.0,128.93638687378723,123.73518946777058,120.65254049014216,108.73736900904598,108.29187173896004,104.80639543977111,107.98808396520909,107.14810291323266,107.70811710257253,107.41327066551113,106.8057709731714,107.2002993571972,8255.75,5254.58333,5013.58333,668074.25,645742.16667,580605.66667,1007108.75,951046.25,842881.58333,135.5107307006537,130.15611776197932,126.99066944830034,136.56189468256193,129.14549633619524,120.0759828258568,122.05189619332815,118.85988892271129,116.45865743403832,127.3131196224142,120.44622740048639,113.34267726709281
149,2010-01-01,151.71707212522696,149.26255230042167,134.1746034196673,134.0468817933283,683092.58333,645677.0,629196.41667,43440.0,44365.0,43889.0,0.04167,1.5775,2.165,45346.33333,41306.16667,38943.16667,74587.0,98167.0,75459.0,41702.66667,37502.91667,35955.75,109914.25,91018.58333,92163.91667,602688.11551,614039.78268,589474.12521,-0.48333,2.43333,0.73333,106655.5,82597.16667,80326.91667,99087.08333,49561.91667,44197.75,40049.75,33197.41667,21748.91667,53124.0,70005.16667,62344.58333,5505.83333,3772.5,4466.5,15810.0,15458.0,13405.0,7743831.0,7647675.0,7551117.0,133.5103793890114,128.93638687378723,123.73518946777058,100.33725611009108,108.73736900904598,108.29187173896004,112.26528379452054,107.98808396520909,107.14810291323266,111.04809232080788,107.41327066551113,106.8057709731714,53740.75,8255.75,5254.58333,700892.0,668074.25,645742.16667,984429.75,1007108.75,951046.25,144.2114783102576,135.5107307006537,130.15611776197932,140.57034502096158,136.56189468256193,129.14549633619524,128.2039769040978,122.05189619332815,118.85988892271129,128.86389811463042,127.3131196224142,120.44622740048639
150,2011-01-01,159.03063978482223,158.18588695044204,139.67831624094117,141.04728519473534,730528.08333,683092.58333,645677.0,39314.0,43440.0,44365.0,0.04917,0.04167,1.5775,47069.83333,45346.33333,41306.16667,64939.0,74587.0,98167.0,43768.75,41702.66667,37502.91667,116366.25,109914.25,91018.58333,624008.73541,602688.11551,614039.78268,0.68333,-0.48333,2.43333,232062.5,106655.5,82597.16667,90207.58333,99087.08333,49561.91667,5922.25,40049.75,33197.41667,152794.66667,53124.0,70005.16667,5017.5,5505.83333,3772.5,17737.0,15810.0,15458.0,7824909.0,7743831.0,7647675.0,135.83112487288872,133.5103793890114,128.93638687378723,104.13962616062742,100.33725611009108,108.73736900904598,112.42685333556366,112.26528379452054,107.98808396520909,113.71324864240258,111.04809232080788,107.41327066551113,43137.75,53740.75,8255.75,735713.58333,700892.0,668074.25,1010847.5,984429.75,1007108.75,151.71707212522696,144.2114783102576,135.5107307006537,149.26255230042167,140.57034502096158,136.56189468256193,134.1746034196673,128.2039769040978,122.05189619332815,134.0468817933283,128.86389811463042,127.3131196224142
151,2012-01-01,167.19507831305384,170.79727893771692,144.9053519317529,150.4871328726518,783290.0,730528.08333,683092.58333,36012.0,39314.0,43440.0,0.02417,0.04917,0.04167,49239.83333,47069.83333,45346.33333,68118.0,64939.0,74587.0,47089.58333,43768.75,41702.66667,124939.58333,116366.25,109914.25,635722.26511,624008.73541,602688.11551,0.25,0.68333,-0.48333,280703.66667,232062.5,106655.5,137728.16667,90207.58333,99087.08333,7997.75,5922.25,40049.75,154464.5,152794.66667,53124.0,3491.25,5017.5,5505.83333,18717.0,17737.0,15810.0,7912398.0,7824909.0,7743831.0,139.68105526113095,135.83112487288872,133.5103793890114,103.7420926481208,104.13962616062742,100.33725611009108,110.79922350694144,112.42685333556366,112.26528379452054,114.67909759206158,113.71324864240258,111.04809232080788,88488.33333,43137.75,53740.75,770856.41667,735713.58333,700892.0,1033416.25,1010847.5,984429.75,159.03063978482223,151.71707212522696,144.2114783102576,158.18588695044204,149.26255230042167,140.57034502096158,139.67831624094117,134.1746034196673,128.2039769040978,141.04728519473534,134.0468817933283,128.86389811463042
152,2013-01-01,172.78242509305377,183.59100695319304,151.647625168616,157.4835974359842,848007.75,783290.0,730528.08333,33500.0,36012.0,39314.0,-0.01417,0.02417,0.04917,54713.33333,49239.83333,47069.83333,71127.0,68118.0,64939.0,56308.83333,47089.58333,43768.75,137014.33333,124939.58333,116366.25,643772.74615,635722.26511,624008.73541,-0.7,0.25,0.68333,398763.08333,280703.66667,232062.5,284380.75,137728.16667,90207.58333,9437.33333,7997.75,5922.25,127486.83333,154464.5,152794.66667,3667.16667,3491.25,5017.5,17991.0,18717.0,17737.0,7996861.0,7912398.0,7824909.0,143.98271112899846,139.68105526113095,135.83112487288872,105.37239383294765,103.7420926481208,104.13962616062742,116.2820061603017,110.79922350694144,112.42685333556366,121.86439733163321,114.67909759206158,113.71324864240258,229667.41667,88488.33333,43137.75,810496.16667,770856.41667,735713.58333,1079750.41667,1033416.25,1010847.5,167.19507831305384,159.03063978482223,151.71707212522696,170.79727893771692,158.18588695044204,149.26255230042167,144.9053519317529,139.67831624094117,134.1746034196673,150.4871328726518,141.04728519473534,134.0468817933283
153,2014-01-01,176.65709530965833,189.3303731107787,153.6061443512065,161.47427374975263,906942.75,848007.75,783290.0,34061.0,33500.0,36012.0,-0.07583,-0.01417,0.02417,59672.83333,54713.33333,49239.83333,87106.0,71127.0,68118.0,63144.83333,56308.83333,47089.58333,146267.0,137014.33333,124939.58333,655083.161,643772.74615,635722.26511,-0.21667,-0.7,0.25,491874.33333,398763.08333,280703.66667,360765.0,284380.75,137728.16667,0.0,9437.33333,7997.75,134802.66667,127486.83333,154464.5,3693.33333,3667.16667,3491.25,17770.0,17991.0,18717.0,8089346.0,7996861.0,7912398.0,148.14929055561637,143.98271112899846,139.68105526113095,107.52959501198163,105.37239383294765,103.7420926481208,122.51275284963523,116.2820061603017,110.79922350694144,123.62355801228053,121.86439733163321,114.67909759206158,301092.16667,229667.41667,88488.33333,855660.91667,810496.16667,770856.41667,1144262.25,1079750.41667,1033416.25,172.78242509305377,167.19507831305384,159.03063978482223,183.59100695319304,170.79727893771692,158.18588695044204,151.647625168616,144.9053519317529,139.67831624094117,157.4835974359842,150.4871328726518,141.04728519473534
154,2015-01-01,179.3766893168258,191.8708520654579,157.08767036002996,164.8316832005526,940732.83333,906942.75,848007.75,32836.0,34061.0,33500.0,-0.28583,-0.07583,-0.01417,62662.75,59672.83333,54713.33333,76223.0,87106.0,71127.0,66405.08333,63144.83333,56308.83333,163275.08333,146267.0,137014.33333,665700.1797,655083.161,643772.74615,-0.01667,-0.21667,-0.7,504179.33333,491874.33333,398763.08333,375305.16667,360765.0,284380.75,3.91667,0.0,9437.33333,132613.08333,134802.66667,127486.83333,3735.0,3693.33333,3667.16667,21349.0,17770.0,17991.0,8188649.0,8089346.0,7996861.0,151.3997831492045,148.14929055561637,143.98271112899846,107.44536654104613,107.52959501198163,105.37239383294765,122.7666196130819,122.51275284963523,116.2820061603017,119.59058143617428,123.62355801228053,121.86439733163321,312642.41667,301092.16667,229667.41667,889837.25,855660.91667,810496.16667,1204706.0,1144262.25,1079750.41667,176.65709530965833,172.78242509305377,167.19507831305384,189.3303731107787,183.59100695319304,170.79727893771692,153.6061443512065,151.647625168616,144.9053519317529,161.47427374975263,157.4835974359842,150.4871328726518
155,2016-01-01,181.12001741301611,192.86449988693766,159.14265553798134,165.5322080467878,958217.58333,940732.83333,906942.75,40689.0,32836.0,34061.0,-1.15833,-0.28583,-0.07583,67353.75,62662.75,59672.83333,71884.0,76223.0,87106.0,69998.41667,66405.08333,63144.83333,173484.16667,163275.08333,146267.0,667701.00018,665700.1797,655083.161,-1.14167,-0.01667,-0.21667,587900.25,504179.33333,491874.33333,455863.25,375305.16667,360765.0,0.0,3.91667,0.0,135921.33333,132613.08333,134802.66667,3884.33333,3735.0,3693.33333,18953.0,21349.0,17770.0,8282396.0,8188649.0,8089346.0,152.8629255441444,151.3997831492045,148.14929055561637,109.03225286643887,107.44536654104613,107.52959501198163,126.447988686061,122.7666196130819,122.51275284963523,118.17492962069372,119.59058143617428,123.62355801228053,388509.5,312642.41667,301092.16667,919797.16667,889837.25,855660.91667,1225848.33333,1204706.0,1144262.25,179.3766893168258,176.65709530965833,172.78242509305377,191.8708520654579,189.3303731107787,183.59100695319304,157.08767036002996,153.6061443512065,151.647625168616,164.8316832005526,161.47427374975263,157.4835974359842
156,2017-01-01,181.49390152158236,191.64535716595773,162.94586476773878,165.99500275486125,981001.25,958217.58333,940732.83333,42937.0,40689.0,32836.0,-1.26667,-1.15833,-0.28583,72187.25,67353.75,62662.75,71030.0,71884.0,76223.0,76295.41667,69998.41667,66405.08333,131509.0,173484.16667,163275.08333,677729.68558,667701.00018,665700.1797,-0.43333,-1.14167,-0.01667,680987.08333,587900.25,504179.33333,504139.66667,455863.25,375305.16667,2.33333,0.0,3.91667,180861.66667,135921.33333,132613.08333,4011.91667,3884.33333,3735.0,22919.0,18953.0,21349.0,8373338.0,8282396.0,8188649.0,150.9360659285071,152.8629255441444,151.3997831492045,113.41653645279652,109.03225286643887,107.44536654104613,127.98025629866694,126.447988686061,122.7666196130819,114.43460367692997,118.17492962069372,119.59058143617428,431952.41667,388509.5,312642.41667,944301.66667,919797.16667,889837.25,1256651.58333,1225848.33333,1204706.0,181.12001741301611,179.3766893168258,176.65709530965833,192.86449988693766,191.8708520654579,189.3303731107787,159.14265553798134,157.08767036002996,153.6061443512065,165.5322080467878,164.8316832005526,161.47427374975263
157,2018-01-01,177.99242549867154,198.51509653951328,164.81184756046204,172.3613542862084,1017385.66667,981001.25,958217.58333,44949.0,42937.0,40689.0,-0.97917,-1.26667,-1.15833,76451.75,72187.25,67353.75,45948.0,71030.0,71884.0,82452.75,76295.41667,69998.41667,136040.08333,131509.0,173484.16667,684903.19266,677729.68558,667701.00018,0.53333,-0.43333,-1.14167,782872.41667,680987.08333,587900.25,551848.91667,504139.66667,455863.25,2.16667,2.33333,0.0,234954.66667,180861.66667,135921.33333,3929.0,4011.91667,3884.33333,20410.0,22919.0,18953.0,8451840.0,8373338.0,8282396.0,149.4822569483614,150.9360659285071,152.8629255441444,113.02584768943224,113.41653645279652,109.03225286643887,126.72999750652953,127.98025629866694,126.447988686061,114.62879351561841,114.43460367692997,118.17492962069372,475397.16667,431952.41667,388509.5,970245.66667,944301.66667,919797.16667,1306627.0,1256651.58333,1225848.33333,181.49390152158236,181.12001741301611,179.3766893168258,191.64535716595773,192.86449988693766,191.8708520654579,162.94586476773878,159.14265553798134,157.08767036002996,165.99500275486125,165.5322080467878,164.8316832005526
158,2019-01-01,175.06810224729008,202.23051503023282,165.6406482497716,176.19903457287148,1046656.91667,1017385.66667,981001.25,42493.0,44949.0,42937.0,-0.94,-0.97917,-1.26667,78984.83333,76451.75,72187.25,39860.0,45948.0,71030.0,88126.5,82452.75,76295.41667,139056.5,136040.08333,131509.0,709864.55021,684903.19266,677729.68558,0.925,0.53333,-0.43333,821359.83333,782872.41667,680987.08333,549374.25,551848.91667,504139.66667,2.0,2.16667,2.33333,275860.58333,234954.66667,180861.66667,3873.0,3929.0,4011.91667,20763.0,20410.0,22919.0,8514329.0,8451840.0,8373338.0,146.34026876198496,149.4822569483614,150.9360659285071,111.19303859796163,113.02584768943224,113.41653645279652,123.94454169748732,126.72999750652953,127.98025629866694,114.77169895406627,114.62879351561841,114.43460367692997,470389.41667,475397.16667,431952.41667,999365.0,970245.66667,944301.66667,1347753.5,1306627.0,1256651.58333,177.99242549867154,181.49390152158236,181.12001741301611,198.51509653951328,191.64535716595773,192.86449988693766,164.81184756046204,162.94586476773878,159.14265553798134,172.3613542862084,165.99500275486125,165.5322080467878
159,2020-01-01,174.40251325600713,209.13017801147512,169.49554150234354,183.56148177496928,1076649.75,1046656.91667,1017385.66667,41127.0,42493.0,44949.0,-0.96417,-0.94,-0.97917,79782.33333,78984.83333,76451.75,43352.0,39860.0,45948.0,84518.16667,88126.5,82452.75,137504.75,139056.5,136040.08333,717322.81913,709864.55021,684903.19266,0.35833,0.925,0.53333,832732.0,821359.83333,782872.41667,564160.5,549374.25,551848.91667,43.5,2.0,2.16667,272624.66667,275860.58333,234954.66667,4009.66667,3873.0,3929.0,18392.0,20763.0,20410.0,8575280.0,8514329.0,8451840.0,144.41277685346643,146.34026876198496,149.4822569483614,112.29414456776472,111.19303859796163,113.02584768943224,123.81109685098824,123.94454169748732,126.72999750652953,115.79827276296375,114.77169895406627,114.62879351561841,484378.16667,470389.41667,475397.16667,1033603.83333,999365.0,970245.66667,1381642.0,1347753.5,1306627.0,175.06810224729008,177.99242549867154,181.49390152158236,202.23051503023282,198.51509653951328,191.64535716595773,165.6406482497716,164.81184756046204,162.94586476773878,176.19903457287148,172.3613542862084,165.99500275486125
160,2021-01-01,177.5982707962206,220.28378905054987,180.04779255947795,194.14597579386404,1111524.75,1076649.75,1046656.91667,34141.0,41127.0,42493.0,-0.87833,-0.96417,-0.94,84439.5,79782.33333,78984.83333,53804.0,43352.0,39860.0,87309.08333,84518.16667,88126.5,92586.33333,137504.75,139056.5,696040.50482,717322.81913,709864.55021,-0.73333,0.35833,0.925,900402.75,832732.0,821359.83333,674297.41667,564160.5,549374.25,4107.91667,43.5,2.0,234207.25,272624.66667,275860.58333,3994.0,4009.66667,3873.0,9719.0,18392.0,20763.0,8638167.0,8575280.0,8514329.0,142.22038583371287,144.41277685346643,146.34026876198496,109.91852086474456,112.29414456776472,111.19303859796163,124.99525876446893,123.81109685098824,123.94454169748732,115.53647799526827,115.79827276296375,114.77169895406627,589857.91667,484378.16667,470389.41667,1065628.0,1033603.83333,999365.0,1428423.08333,1381642.0,1347753.5,174.40251325600713,175.06810224729008,177.99242549867154,209.13017801147512,202.23051503023282,198.51509653951328,169.49554150234354,165.6406482497716,164.81184756046204,183.56148177496928,176.19903457287148,172.3613542862084
161,2022-01-01,181.86871692045045,233.14086268638036,188.47185266585947,206.3123790362149,1155584.08333,1111524.75,1076649.75,36994.0,34141.0,41127.0,-0.84,-0.87833,-0.96417,88283.91667,84439.5,79782.33333,48871.0,53804.0,43352.0,91919.66667,87309.08333,84518.16667,59378.0,92586.33333,137504.75,744508.23823,696040.50482,717322.81913,0.58333,-0.73333,0.35833,1009690.33333,900402.75,832732.0,725618.25,674297.41667,564160.5,110.75,4107.91667,43.5,288184.58333,234207.25,272624.66667,4001.75,3994.0,4009.66667,18452.0,9719.0,18392.0,8704546.0,8638167.0,8575280.0,138.32147120757926,142.22038583371287,144.41277685346643,115.4727071218274,109.91852086474456,112.29414456776472,123.77740710981435,124.99525876446893,123.81109685098824,115.22064653298068,115.53647799526827,115.79827276296375,637334.33333,589857.91667,484378.16667,1104645.08333,1065628.0,1033603.83333,1493693.33333,1428423.08333,1381642.0,177.5982707962206,174.40251325600713,175.06810224729008,220.28378905054987,209.13017801147512,202.23051503023282,180.04779255947795,169.49554150234354,165.6406482497716,194.14597579386404,183.56148177496928,176.19903457287148
162,2023-01-01,187.65850070767328,240.2586942812037,189.89819161411992,213.81947780746748,1159030.08333,1155584.08333,1111524.75,41486.0,36994.0,34141.0,-0.3875,-0.84,-0.87833,87182.41667,88283.91667,84439.5,68760.0,48871.0,53804.0,88214.91667,91919.66667,87309.08333,22830.0,59378.0,92586.33333,791105.94414,744508.23823,696040.50482,2.83333,0.58333,-0.73333,971964.33333,1009690.33333,900402.75,706823.33333,725618.25,674297.41667,8215.0,110.75,4107.91667,277096.91667,288184.58333,234207.25,3740.91667,4001.75,3994.0,7946.0,18452.0,9719.0,8777088.0,8704546.0,8638167.0,138.87250527075037,138.32147120757926,142.22038583371287,118.65766517678512,115.4727071218274,109.91852086474456,121.23697969909645,123.77740710981435,124.99525876446893,110.3093102091604,115.22064653298068,115.53647799526827,619640.91667,637334.33333,589857.91667,1141245.58333,1104645.08333,1065628.0,1538040.08333,1493693.33333,1428423.08333,181.86871692045045,177.5982707962206,174.40251325600713,233.14086268638036,220.28378905054987,209.13017801147512,188.47185266585947,180.04779255947795,169.49554150234354,206.3123790362149,194.14597579386404,183.56148177496928
163,2024-01-01,188.50189078876863,247.62149627339954,191.5372613428599,220.90024262495595,1142251.25,1159030.08333,1155584.08333,41201.0,41486.0,36994.0,1.04833,-0.3875,-0.84,76504.58333,87182.41667,88283.91667,139118.0,68760.0,48871.0,75517.83333,88214.91667,91919.66667,19024.58333,22830.0,59378.0,804039.10442,791105.94414,744508.23823,2.15,2.83333,0.58333,806362.08333,971964.33333,1009690.33333,563456.41667,706823.33333,725618.25,144.91667,8215.0,110.75,246689.33333,277096.91667,288184.58333,3638.75,3740.91667,4001.75,8202.0,7946.0,18452.0,8888093.0,8777088.0,8704546.0,142.71913077390045,138.87250527075037,138.32147120757926,117.25156031227009,118.65766517678512,115.4727071218274,118.59719644399934,121.23697969909645,123.77740710981435,111.54872278707906,110.3093102091604,115.22064653298068,486951.83333,619640.91667,637334.33333,1174927.16667,1141245.58333,1104645.08333,1541624.5,1538040.08333,1493693.33333,187.65850070767328,181.86871692045045,177.5982707962206,240.2586942812037,233.14086268638036,220.28378905054987,189.89819161411992,188.47185266585947,180.04779255947795,213.81947780746748,206.3123790362149,194.14597579386404
